post_url,posted_at,scraped_at,company,role,location,email,contact_method,author,author_title,quality_score,status,query_id,seniority_fit,has_email,job_description
https://www.linkedin.com/search/results/content/?keywords=%22Associate%20Product%20Manager%22%20Kissht%20hiring&sortBy=%22date_posted%22,2 hours ago,2026-10-03 14:17 UTC,Kissht Fintech,Associate / APM,"Mumbai, India",pm-hiring@kissht.com,email,Hiring Manager,,100,Fresh,q_wide_01,0-2y,True,"Kissht is hiring an Associate Product Manager (0-3 years exp)! Location: Mumbai, India. Focus on fintech credit risk products, UPI checkout, and growth loops. Send CV directly to pm-hiring@kissht.com"
https://www.linkedin.com/search/results/content/?keywords=%22Associate%20Product%20Manager%22%20Lokal%20App%20hiring&sortBy=%22date_posted%22,4 hours ago,2026-10-03 14:17 UTC,Lokal App,Associate / APM,Remote (India),careers@getlokalapp.com,email,Hiring Manager,,100,Fresh,q_wide_01,0-2y,True,Lokal App is hiring an Associate Product Manager (APM) for Vernacular Social & Commerce platform! 1-2 years experience required. Remote (India) / Bengaluru. Email resume to careers@getlokalapp.com
https://www.linkedin.com/search/results/content/?keywords=%22Associate%20Product%20Manager%22%20Wood%20Mackenzie%20hiring&sortBy=%22date_posted%22,,,Wood Mackenzie,Senior,"HR, IN",,DM,,,90,Fresh,q_apm_01,0-2y,False,"Wood Mackenzie is the global leader in analytics, insights and proprietary data across the entire energy and natural resources landscape.

For over 50 years our work has guided the decisions of the world’s most influential energy producers, utilities companies, financial institutions and governments.

Now, with the world’s energy system more complex and interconnected than ever before, sector-specific views are no longer enough. That’s why we’ve redefined what’s possible with Intelligence Connected.

By fusing our unparalleled proprietary data with the sharpest analytical minds, all supercharged by Synoptic AI, we deliver a clear, interconnected view of the entire value chain. Our trusted team of 2,700 experts across 30 countries breaks siloes and connects industries, markets and regions across the globe.

This empowers our customers to identify risk sooner, spot opportunities faster and recalibrate strategy with confidence – whether planning days, weeks, months or decades ahead.

Wood Mackenzie  
Intelligence Connected

**WoodMac.com**

**Wood Mackenzie Brand Video**

**Wood Mackenzie Values**

* Inclusive – we succeed together
* Trusting – we choose to trust each other
* Customer committed – we put customers at the heart of our decisions
* Future Focused – we accelerate change
* Curious – we turn knowledge into action

**Job Description**

To support the development of our Lens data analytics platform, we are looking for a dynamic Senior Product Manager to be an integral part of our Commodities Product team covering Gas & LNG, Oils & Chemicals and Metals & Mining.

*Knowledge & experience*

* Experienced Product Manager, or Analyst looking to expand their role into the Product Management space
* Experience with the product development cycle including agile software development (Scrum/Kanban), design process, and instrumenting analytics.
* Basic industry knowledge and strong interest on one or multiple sectors covered in our portfolio (Gas & LNG, Oils & Chemicals, Metals & Mining), understanding of the major players, market conditions, and industry standards. Intellectual curiosity for industry is a must.
* Experience working on data migrations projects, and using AI in product development is a strong plus.
* Good oral and written communication skills
* Key tools that we use are JIRA, Productboard and Amplitude. Our tech stack is mainly on AWS and Snowflake.

*Impact on the team*

* Act as the day-to-day point person for the cross-functional team, providing a seamless bridge between Research Analysts, Data teams, UX, and Engineering to identify solutions that work within a set of defined constraints and align to the broader business strategy and achieve customer-focused results.
* Align understanding by defining user requirements with clear acceptance criteria across multiple features
* Assist in documentation and testing of given solutions to ensure fit for customers
* Collaborate with the Senior Product Manager to help communicate product value and priorities to internal teams, including sales and marketing
Foster healthy culture, support and collaboration for a distributed team  

*Stakeholder & client relationships*

* Translate requirements from customers and defining the product functionality according to wider customer needs
* Inform senior stakeholders on progress and raise risks to the appropriate level
* Engage frequently with users to gather feedback from relevant customers and internal stakeholders.
* Collaborate with Marketing and Sales to enable go-to-market effort

**Equal Opportunities**

We are an equal opportunities employer. This means we are committed to recruiting the best people regardless of their race, colour, religion, age, sex (including pregnancy, sexual orientation, and gender identity), national origin, disability or protected veteran status. You can find out more about your rights under the law at www.eeoc.gov"
https://www.linkedin.com/search/results/content/?keywords=%22Associate%20Product%20Manager%22%20Tala%20hiring&sortBy=%22date_posted%22,,,Tala,Senior,"Remote, IN",,DM,,,90,Fresh,q_apm_01,0-2y,False,"**About Tala**

Tala is the AI-native credit infrastructure that connects global capital to the global majority. We combine proprietary risk intelligence with an expanding network of capital and distribution partners to power credit access at scale. To date, Tala has distributed more than $9 billion in capital to more than 14 million customers across Africa, Latin America, and Asia, building the definitive contextual dataset on thin-file borrowers in emerging markets. Tala is now converting that foundation into shared infrastructure that partners, capital providers, and ecosystems can build on.
  
  
The company has been named to the Fortune Impact 20 list, CNBC’s World’s Top Fintech Companies twice, CNBC Disruptor 50 for five years, and Forbes’ Fintech 50 list for ten years running.

Given the global nature of our team, we operate on a remote-first approach with office hubs in Santa Monica, CA (HQ); Nairobi, Kenya; Mexico City, Mexico; Manila, the Philippines; and Bangalore, India.

Most Talazens join us because they connect with our mission. If you are energized by the impact you can make at Tala, we’d love to hear from you!

### **The Role**

Tala is on a mission to unleash the economic power of the global majority. We’re building financial services that give people greater access, control, and agency over their financial lives.

As Tala continues to scale, protecting our customers while creating a seamless experience is more important than ever. We’re looking for aSenior Product Manager, Fraud & Authentication to lead the strategy and execution of the systems that keep our customers and platform safe.

As the Senior Product Manager, Fraud & Authentication, you’ll own Tala’s product strategy for fraud prevention, customer authentication, and identity-related experiences across the customer journey.

You’ll tackle complex problems at the intersection of fraud, risk, machine learning, data, engineering, and customer experience.

Your goal will be to help Tala identify and prevent fraudulent activity while minimizing unnecessary friction for legitimate customers.

You’ll work closely with Engineering, Data Science, Analytics, Lending, Finance, Customer Care, Marketing, Legal, and other global teams to turn complex fraud patterns and ambiguous problems into scalable products and systems.

This is a highly cross-functional role for someone who enjoys solving difficult problems with data, moving quickly, and building products that have a measurable impact on both customers and the business.

### **What You'll Do**

### **Own Fraud & Authentication Product Strategy**

* Define and own Tala’s multi-year product strategy and roadmap for fraud prevention, customer authentication, identity, and related risk capabilities.
* Identify opportunities to improve fraud prevention across signup, login, account management, and other high-risk customer actions.
* Balance fraud prevention with customer experience by reducing fraud losses and false positives while minimizing unnecessary friction.
* Translate complex fraud patterns, emerging attack vectors, and business needs into clear product strategies and priorities.

### **Build Data-Driven Fraud Products**

* Partner closely with Data Science and Analytics to define model objectives, evaluate model and feature performance, and identify opportunities to improve detection.
* Help determine appropriate fraud decision thresholds and rules based on data and business objectives.
* Establish and monitor key metrics such as fraud loss rates, detection accuracy, false-positive rates, customer conversion, and authentication success.
* Identify data gaps and work with technical teams to improve the data and infrastructure needed to make effective fraud decisions.
* Collaborate on fraud detection models, rules, feature infrastructure, and decisioning systems.

### **Lead Product Execution**

* Translate ambiguous fraud and authentication problems into clear product requirements that Engineering teams can execute against.
* Lead a cross-functional team of engineers and partners to deliver the roadmap.
* Prioritize initiatives based on customer impact, fraud exposure, business value, technical complexity, and data.
* Partner with Engineering to understand Tala’s fraud and authentication infrastructure and identify opportunities to improve scalability and reliability.
* Drive initiatives from strategy and discovery through launch, measurement, and iteration.

### **Manage Fraud & Risk Events**

* Partner with Data Science, Analytics, Engineering, and Operations to investigate fraud incidents and emerging fraud patterns.
* Turn lessons from fraud events into proactive product and system improvements.
* Develop approaches that allow Tala to respond quickly as fraud patterns and attack vectors evolve.

### **Collaborate Across Tala**

* Build strong partnerships across Product, Engineering, Data Science, Analytics, Lending, Finance, Customer Care, Marketing, and Legal.
* Communicate complex fraud and risk concepts clearly to both technical and non-technical stakeholders.
* Manage relationships with external vendors and technology partners supporting fraud, authentication, identity, or risk capabilities.
* Create alignment across distributed global teams and drive decisions in an environment where information may be incomplete or ambiguous.

### **What You'll Need**

* 5+ years of Product Management experience, with experience owning complex technical products or platforms.
* Proven experience building or managing products related to fraud, risk, authentication, identity, KYC, account security, payments, lending, or financial crime.
* Experience partnering closely with Engineering and Data Science to build fraud detection, risk decisioning, authentication, or identity solutions.
* Experience using data and metrics to make product decisions and measure outcomes.
* Experience managing fraud incidents, emerging fraud patterns, or other high-impact risk events.
* Ability to translate complex and ambiguous problems into clear product requirements and actionable roadmaps.
* Experience managing external vendors or technology partners.
* Strong cross-functional leadership and communication skills.
* Comfort operating in a fast-paced, distributed, and highly collaborative environment.

Our vision is to build a new financial ecosystem where everyone can participate on equal footing and access the tools they need to be financially healthy. We strongly believe that inclusion fosters innovation and we’re proud to have a diverse global team that represents a multitude of backgrounds, cultures, and experience. We hire talented people regardless of race, religion, color, national origin, gender, gender expression, sexual orientation, age, marital status, veteran status, or disability status.

We may use artificial intelligence (AI) tools to support parts of the hiring process, such as reviewing applications, analyzing resumes, or assessing responses and identifying potential inconsistencies or verification signals in application materials based on available information. These tools assist our recruitment team but do not replace human judgment. Final hiring decisions are ultimately made by humans. If you would like more information about how your data is processed, please contact us."
https://www.linkedin.com/search/results/content/?keywords=%22Associate%20Product%20Manager%22%20NationsBenefits%20hiring&sortBy=%22date_posted%22,,,NationsBenefits,Senior,"TS, IN",,DM,,,90,Fresh,q_apm_01,0-2y,False,"**About NationsBenefits:**

At NationsBenefits, we are leading the transformation of the insurance industry by developing innovative benefits management solutions. We focus on modernizing complex back-office systems to create scalable, secure, and high-performing platforms that streamline operations for our clients. As part of our strategic growth, we are focused on platform modernization — transitioning legacy systems to modern, cloud-native architectures that support the scalability, reliability, and high performance of core backoffice functions in the insurance domain.

**About Role:**

We are seeking an experienced **Senior Product Manager** to own and drive the strategic direction of our Nations Vision product ecosystem — a multi-tool platform supporting hundreds of clients across the vision benefits landscape. The ideal candidate brings deep analytical rigor, unwavering attention to detail, and a relentless commitment to product quality and accuracy. This is a hands-on leadership role requiring someone who can navigate complex, interconnected systems — fee schedules, provider networks, plan configurations, and claims processing — while maintaining the trust of hundreds of clients who depend on flawless execution.

**Key Responsibilities:**

**Product Ownership & Strategy**

* Own the end-to-end product roadmap for the Nations Vision platform, balancing client needs, business priorities, and technical constraints

* Translate complex business requirements into clear, actionable product specifications.

**Core System Management:**

* **Provider-Facing Claims Portal:** Drive continuous enhancement of the provider portal, delivering new features that improve speed and accuracy for end users

* **Fee Schedule Design & Configuration:** Oversee the accuracy, configuration, and maintainability of fee schedules across the platform; champion self-service configuration tools that empower Operations teams

* **Provider Network Mapping:** Manage the configuration and integrity of provider network data, ensuring accurate mapping across geographies and specialties

* **Plan Access Restrictions:** Direct the setup and validation of plan-level access rules, benefit tiers, and eligibility parameters

* **Claims Processing Engine:** Partner with engineering to optimize claims adjudication logic, troubleshoot processing issues, and ensure accurate, timely claim outcomes.

**Quality & Accuracy Focus**

* Establish and monitor quality benchmarks across all product tools and workflows

* Proactively identify data integrity issues, configuration errors, and process gaps before they impact clients

* Drive continuous improvement initiatives to reduce errors, increase automation, and enhance system reliability

* Conduct regular audits and root-cause analyses, implementing preventive measures when issues arise.

**Cross-Functional Collaboration**

* Serve as the primary product liaison between engineering, operations, client services, and leadership

* Communicate product updates, risks, and roadmap changes clearly to both technical and non-technical stakeholders

* Partner with client-facing teams to understand pain points and translate feedback into product enhancements

* Collaborate with QA to define testing protocols that ensure system accuracy at scale.

**Client & Stakeholder Management**

* Support hundreds of client configurations, ensuring the platform scales without sacrificing accuracy.

* Address escalations related to fee schedules, network mapping, or claims discrepancies with urgency and precision.

* Gather and prioritize feedback from client-facing teams to inform the product backlog.

**Required Qualifications**

* 5+ years of product management experience, preferably in healthcare, benefits administration, or insurance technology.

* Demonstrated experience managing complex, multi-component systems or platforms.

* Working knowledge of database systems, with ability to write moderately complex SQL queries.

* Strong analytical skills, with the ability to interpret data, identify trends, and make data driven decisions.

* Exceptional attention to detail, particularly in high-stakes, accuracy-critical environments.

* Excellent written and verbal communication skills, with the ability to translate technical concepts for varied audiences.

* Experience with claims processing systems, provider network data, or fee schedule management strongly preferred.

* Proven track record managing products that serve a large, diverse client base.

* Bachelor's degree in Computer Science, or a related field (MBA a plus).

**Why Join Us?**

* Lead a pioneering FinTech initiative with cutting-edge technologies and scalable architecture.

* Career growth opportunities in a fast-growing, innovative-driven environment.

* Impact the financial ecosystem by building secure, high-performance applications.

* Contribute to cutting-edge products that enhance member engagement in healthcare."
https://www.linkedin.com/search/results/content/?keywords=%22Associate%20Product%20Manager%22%20Wells%20Fargo%20hiring&sortBy=%22date_posted%22,,,Wells Fargo,Senior,"KA, IN",,DM,,,90,Fresh,q_apm_01,0-2y,False,"**About the Role:**

We are seeking a Lead Digital Product Manager to join our Wholesale Digital Core experience Web and Mobile organization.

This role will be instrumental in transforming web core and mobile experiences for our Commercial, Corporate, and Investment Banking clients. The successful candidate will define and lead complex, enterprise‑scale digital initiatives that deliver delightful, frictionless, secure, and consistent mobile experiences, while leveraging Generative AI, machine learning, and data‑driven insights to shape the next generation of customer engagement.

**In this role, you will:**

  

* Lead the development and execution of complex digital business plans, programs and initiatives which have impact across the enterprise with broad impact
* Act as key participant in large-scale planning
* Review and analyze complex digital strategy for product/functionality/experience area
* Influence digital strategy for the business line requiring in-depth evaluation of multiple factors including intangibles or unprecedented factors
* Make decisions in digital strategy for product/functionality/experience area requiring strong understanding of the business, policies, procedures and/or compliance requirements
* Lead a broad team of digital professionals to meet deliverables and drive new initiatives
* Strategically collaborate and consult with peers, colleagues and mid-level to senior managers to resolve issues and achieve goals
* Potentially lead projects, teams or serve as a peer mentor

**Required Qualifications:**

* 5+ years of digital product management experience, or equivalent demonstrated through one or a combination of the following: work experience, training, military experience, education.
* Experience leading large‑scale digital or mobile transformation initiatives.
* Experience in financial services, preferably in Commercial and Corporate Banking digital transformation. Working knowledge of Foreign Exchange and Capital Markets in wholesale banking preferred.
* 5+ years of product development experience in web and mobile applications across platforms and form factors.

**Desired Qualifications:**

  

* Demonstrated experience delivering products powered by Generative AI or machine learning, including conversational or search‑based interfaces.
* Deep understanding of user‑centered design and rapid prototyping (wireframes, prototypes, experimentation).
* Hands‑on experience with Agile practices such as Scrum and Kanban; proficiency with tools including Jira, Confluence, and SharePoint.
* Entrepreneurial mindset—bias for experimentation, learning, and speed while operating in a regulated environment.

**Job Expectations:**

* Autonomous, high ownership, and demonstrates strong learning agility
* Strategic yet hands‑on; comfortable navigating ambiguity
* Strong business, technical, and data acumen

**Posting End Date:**

3 Oct 2026

* ***Job posting may come down early due to volume of applicants.***

**We Value Equal Opportunity**

Wells Fargo is an equal opportunity employer. All qualified applicants will receive consideration for employment without regard to race, color, religion, sex, sexual orientation, gender identity, national origin, disability, status as a protected veteran, or any other legally protected characteristic.

Employees support our focus on building strong customer relationships balanced with a strong risk mitigating and compliance-driven culture which firmly establishes those disciplines as critical to the success of our customers and company. They are accountable for execution of all applicable risk programs (Credit, Market, Financial Crimes, Operational, Regulatory Compliance), which includes effectively following and adhering to applicable Wells Fargo policies and procedures, appropriately fulfilling risk and compliance obligations, timely and effective escalation and remediation of issues, and making sound risk decisions. There is emphasis on proactive monitoring, governance, risk identification and escalation, as well as making sound risk decisions commensurate with the business unit’s risk appetite and all risk and compliance program requirements.

Candidates applying to job openings posted in Canada: Applications for employment are encouraged from all qualified candidates, including women, persons with disabilities, aboriginal peoples and visible minorities. Accommodation for applicants with disabilities is available upon request in connection with the recruitment process.

**Applicants with Disabilities**

To request a medical accommodation during the application or interview process, visit Disability Inclusion at Wells Fargo.

**Drug and Alcohol Policy**

Wells Fargo maintains a drug free workplace. Please see our Drug and Alcohol Policy to learn more.

**Wells Fargo Recruitment and Hiring Requirements:**

a. Third-Party recordings are prohibited unless authorized by Wells Fargo.

b. Wells Fargo requires you to directly represent your own experiences during the recruiting and hiring process."
https://www.linkedin.com/search/results/content/?keywords=%22Associate%20Product%20Manager%22%20Wells%20Fargo%20hiring&sortBy=%22date_posted%22,,,Wells Fargo,Senior,"KA, IN",,DM,,,90,Fresh,q_apm_01,0-2y,False,"**About this role:**

Wells Fargo is seeking a Senior Lead Digital Product Manager to lead the strategy, vision, and execution of enterprise-scale platform experiences, with a focus on Identity & Access Management (IAM), authorization, and digital platform modernization. This team is seeking a strategic product leader who can drive complex, cross-functional initiatives that enhance security, simplify user experiences, and enable scalable digital growth across the enterprise.

In this role, you will own the product vision, roadmap, and delivery of high-impact platform capabilities, partnering closely with business, technology, design, risk, and operations teams. You will influence enterprise-wide product strategy, solve complex business and technical challenges, and deliver innovative solutions that improve customer experiences, strengthen platform capabilities, and create measurable business value. The ideal candidate combines strong product leadership, technical depth, and the ability to influence outcomes across a highly matrixed organization.

**In this role, you will:**

* Act as a trusted advisor to senior leadership to shape digital product strategies, initiatives, and long-term platform investments.
* Define and execute product vision, strategy, and roadmaps for complex digital platforms and experiences.
* Lead the strategy and resolution of highly complex business and technical challenges across multiple functions and the enterprise.
* Drive large-scale, cross-system initiatives that improve customer experience, security, scalability, and operational efficiency.
* Deliver innovative, long-term solutions requiring strategic thinking, creativity, and advanced analytical skills.
* Influence product decisions through customer insights, data analytics, emerging technologies, and market trends.
* Partner with engineering, architecture, design, risk, and business teams to align on priorities and execution plans.
* Provide vision, direction, and expertise to senior leadership on significant digital transformation initiatives.
* Establish success metrics and drive measurable business and customer outcomes.
* Serve as a subject matter expert and thought leader across digital product management and platform strategy.

**Required Qualifications:**

* 7+ years of digital product management experience, or equivalent demonstrated through one or a combination of the following: work experience, training, military experience, or education.
* 4+ years of experience in Identity & Access Management (IAM), authentication, authorization, entitlement management, or other platform-based products.
* Hands-on experience applying data analytics, AI, and machine learning concepts to product strategy and customer solutions.

**Desired Qualifications:**

* Experience in RBAC/PBAC/ABAC
* Strong understanding of customer-managed access models, role-based access control (RBAC), permissions, and administrative experiences.
* Strong technical acumen with the ability to engage in discussions related to APIs, integrations, platform architecture, and technical trade-offs.
* Proven track record of defining and executing platform strategies and large-scale transformation initiatives.
* Experience leading product strategy across complex, interconnected systems, platforms, and customer journeys.
* Demonstrated success influencing executive leadership and driving alignment across diverse stakeholder groups.
* Experience within financial services, fintech, banking, insurance, or other highly regulated environments.
* Strong understanding of platform architecture, system modernization, cloud technologies, and integration patterns.
* Experience improving customer and user experiences across fragmented or multi-platform ecosystems.
* Expertise in digital product management, service design, Agile methodologies, and modern product delivery practices.
* Exceptional communication, stakeholder management, and leadership skills.

**Job Expectations:**

* Operate as a system-level thinker, connecting decisions across products, platforms, customer journeys, and business objectives.
* Own product outcomes from opportunity identification through execution, adoption, and continuous optimization.
* Drive product prioritization, roadmap planning, and delivery across complex, cross-functional initiatives.
* Proactively identify and manage risks, dependencies, and experience gaps throughout the product lifecycle.
* Apply end-to-end product thinking to deliver secure, scalable, and intuitive customer experiences.
* Lead platform modernization efforts that improve usability, efficiency, and operational effectiveness.
* Demonstrate expertise in customer-managed access models, including role-based access, permissions, entitlements, and administrative controls.
* Create clarity, structure, and alignment in highly complex and rapidly evolving environments.
* Lead through influence while building strong partnerships across engineering, design, business, architecture, and executive leadership teams.
* Balance long-term strategic investments with immediate business and delivery commitments.
* Partner closely with technical teams to define and deliver platform capabilities that support growth, security, and scalability.
* Leverage customer insights, product analytics, and market trends to drive product decisions and roadmap priorities.
* Establish and monitor product success metrics to ensure delivery of measurable business and customer value.
* Champion innovation, continuous improvement, and customer-centric product development practices.

**Posting End Date:**

3 Oct 2026

* ***Job posting may come down early due to volume of applicants.***

**We Value Equal Opportunity**

Wells Fargo is an equal opportunity employer. All qualified applicants will receive consideration for employment without regard to race, color, religion, sex, sexual orientation, gender identity, national origin, disability, status as a protected veteran, or any other legally protected characteristic.

Employees support our focus on building strong customer relationships balanced with a strong risk mitigating and compliance-driven culture which firmly establishes those disciplines as critical to the success of our customers and company. They are accountable for execution of all applicable risk programs (Credit, Market, Financial Crimes, Operational, Regulatory Compliance), which includes effectively following and adhering to applicable Wells Fargo policies and procedures, appropriately fulfilling risk and compliance obligations, timely and effective escalation and remediation of issues, and making sound risk decisions. There is emphasis on proactive monitoring, governance, risk identification and escalation, as well as making sound risk decisions commensurate with the business unit’s risk appetite and all risk and compliance program requirements.

Candidates applying to job openings posted in Canada: Applications for employment are encouraged from all qualified candidates, including women, persons with disabilities, aboriginal peoples and visible minorities. Accommodation for applicants with disabilities is available upon request in connection with the recruitment process.

**Applicants with Disabilities**

To request a medical accommodation during the application or interview process, visit Disability Inclusion at Wells Fargo.

**Drug and Alcohol Policy**

Wells Fargo maintains a drug free workplace. Please see our Drug and Alcohol Policy to learn more.

**Wells Fargo Recruitment and Hiring Requirements:**

a. Third-Party recordings are prohibited unless authorized by Wells Fargo.

b. Wells Fargo requires you to directly represent your own experiences during the recruiting and hiring process."
https://www.linkedin.com/search/results/content/?keywords=%22Associate%20Product%20Manager%22%20Wells%20Fargo%20hiring&sortBy=%22date_posted%22,,,Wells Fargo,Senior,"KA, IN",,DM,,,90,Fresh,q_apm_01,0-2y,False,"**About this role:**

Wells Fargo is seeking a Senior Product Manager

**In this role, you will:**

* Lead or participate in product management initiatives and deliverables for product lines or services
* Contribute to product analysis across applicable markets, conduct market research and market results-oriented analysis
* Review and analyze marketing programs for new products or enhancements including identification of market segments, product positioning, product bundling, pricing and profitability
* Resolve moderately complex issues and lead team to meet project goals, objectives and deliverables
* Ensure programs adhere to compliance, privacy regulations and policies
* Collaborate and consult with managers, analysts and project teams to ensure that goals are achieved
* Lead projects, teams or serve as a mentor

**Required Qualifications:**

* 4+ years of Product Management experience, product development experience, or equivalent demonstrated through one or a combination of the following: work experience, training, military experience, education
* 4+ years of experience partnering with technology, security, engineering, or infrastructure teams to deliver enterprise solutions.
* 4+ Experience managing product backlogs, roadmaps, prioritization, and stakeholder engagement.
* 4+ Experience translating business requirements into actionable product features and user stories.
* 4+ Experience working within Agile delivery methodologies.

**Desired Qualifications:**

* Experience executing and delivering on transformational programs
* Experience preparing strategic communications and articulating within presentations
* Experience leading strategic priorities and projects end to end
* Change management and delivery experience
* Experience with Jira/Confluence building Confluence pages, content and/or new boards and reports
* Excellent verbal, written, and interpersonal communication skills
* Ability to execute in a fast-paced, high-demand environment while balancing multiple priorities
* Outstanding problem solving and analytical skills with ability to turn findings into strategic objectives

**Job Expectations:**

* Ability to develop partnerships and collaborate effectively with other business and technology areas
* Ability to work effectively and lead in a team environment and across all organizational levels, where flexibility, collaboration, and adaptability are important
* Ability to take initiative and respond pro-actively to issues and escalations
* Ability to influence, partner, and negotiate with senior business leaders to gain commitment to accomplish business goals
* Ability to work a hybrid schedule, three (3) days in office and two (2) days remote

**Posting End Date:**

7 Oct 2026

* ***Job posting may come down early due to volume of applicants.***

**We Value Equal Opportunity**

Wells Fargo is an equal opportunity employer. All qualified applicants will receive consideration for employment without regard to race, color, religion, sex, sexual orientation, gender identity, national origin, disability, status as a protected veteran, or any other legally protected characteristic.

Employees support our focus on building strong customer relationships balanced with a strong risk mitigating and compliance-driven culture which firmly establishes those disciplines as critical to the success of our customers and company. They are accountable for execution of all applicable risk programs (Credit, Market, Financial Crimes, Operational, Regulatory Compliance), which includes effectively following and adhering to applicable Wells Fargo policies and procedures, appropriately fulfilling risk and compliance obligations, timely and effective escalation and remediation of issues, and making sound risk decisions. There is emphasis on proactive monitoring, governance, risk identification and escalation, as well as making sound risk decisions commensurate with the business unit’s risk appetite and all risk and compliance program requirements.

Candidates applying to job openings posted in Canada: Applications for employment are encouraged from all qualified candidates, including women, persons with disabilities, aboriginal peoples and visible minorities. Accommodation for applicants with disabilities is available upon request in connection with the recruitment process.

**Applicants with Disabilities**

To request a medical accommodation during the application or interview process, visit Disability Inclusion at Wells Fargo.

**Drug and Alcohol Policy**

Wells Fargo maintains a drug free workplace. Please see our Drug and Alcohol Policy to learn more.

**Wells Fargo Recruitment and Hiring Requirements:**

a. Third-Party recordings are prohibited unless authorized by Wells Fargo.

b. Wells Fargo requires you to directly represent your own experiences during the recruiting and hiring process."
https://www.linkedin.com/search/results/content/?keywords=%22Associate%20Product%20Manager%22%20Kwalee%20Ltd%20hiring&sortBy=%22date_posted%22,,,Kwalee Ltd,Senior,"KA, IN",,DM,,,90,Fresh,q_apm_01,0-2y,False,"**Level Up Your Career!**

At Kwalee, you’ll join a gaming powerhouse that boasts a mobile empire with 1.5 billion+ downloads alongside a thriving PC & Console division that has achieved numerous global chart-topping releases across Steam, Consoles, and Amazon, driving millions of Wishlists. Most recently publishing breakout hits such as The Precinct and Town to City. It’s a unique chance to bring your expertise to a global studio that dominates both the mobile, and the indie PC and Console space.

At Kwalee, as well as a competitive salary we also offer; Private Medical Insurance, door-to-door transport scheme, free food & drinks, free game codes & merch, LinkedIn Learning, 20 annual leave days + bank holidays, and 1 day extra day for each year of service capped at 5.

**Join the team!**  

Kwalee’s Product & Growth team is looking for a Senior or Lead Product Manager to shape what comes next in our live games: what we change, why, and what it will earn.

You’ll team up with our Executive Producers: they lead how we build, you lead what we build and why, and together you make our games better and better.

We’ll match the title to your experience. This role is for you if you’re a product leader who loves living in player data, forming bold hypotheses about retention, engagement, and monetisation, running clean experiments, and turning results into confident decisions.

This role is based in our Bangalore studio, working onsite 5 days per week, where our daily in-office collaboration fuels creativity and innovation.

### **What You’ll Do:**

* **Understand the games inside out.** Know the key numbers for each game, find the biggest opportunities in retention, engagement, economy, and monetisation, and size them.
* **Start with a hypothesis.** Turn every opportunity into a clear hypothesis with a success metric, so every feature ships with a purpose.
* **Run experiments that decide.** Design A/B tests with our product analysts, read them with an open mind, and decide together with the producer what ships next.
* **Shape the roadmap.** Build and prioritise the game roadmap with the Executive Producer, ranked by the value it will create.
* **Connect growth and product.** Bring what UA and creative learn about our players into the games, and work with monetisation on the best player experience.
* **Grow the product craft.** Guide our product analysts and help set how we do product across the portfolio.
* **Spot tomorrow’s hits.** Bring a product view to our most promising new games as they grow.

### **What You’ll Own:**

Great product decisions and the extra player value that they will create in our biggest games.

You’ll be the champion who ensures every big player opportunity gets a smart hypothesis, a clear experiment, and a place on the roadmap.

**How we’ll celebrate your success:**

* Growth in LTV and profit from product changes
* Retention, engagement, and monetisation in your games
* Experiments launched, learned from, and shipped
* Clear, well-reasoned roadmap decisions

### **What We’re Looking For:**

**Essential**

* Senior product management experience in F2P mobile games, with live games you’ve measurably improved.
* Strong analytical skills: at home with cohorts, funnels, and experiment design; A great understanding of game economies, progression, LiveOps, and hybrid monetisation.
* A hypothesis-driven mindset: you know what you expect to happen, why, and what you’ll do if you’re wrong.
* Experience partnering closely with producers or game leads
* A clear, warm communicator who makes the case in players and pounds.

**Desirable**

* SQL experience.
* Experience guiding or mentoring analysts.
* Puzzle or hybrid-casual mobile game experience

### **Why Kwalee?**

* **Generous Holiday:** Start with 20 days of annual leave, plus bank holidays. You'll also earn an extra day for every year of service, up to 5 years!
* **Flexible Working:** We offer core hours that allow you to work flexibly around your life, and a bank of 'Work From Home' days to use when you need them.
* **Health Cover:** Private Medical Insurance covering you and your family
* **Free Food & Drink:** Fuel your day with unlimited free snacks and drinks.
* **Gaming Goodies:** Receive Steam codes for all our game releases!
* **Transport:** Save on your commute with our budget-friendly, door-to-door transport facility.
* **Office Location:** Work from our Bangalore office immersing yourself in the dynamic heart of India's Silicon Valley, where explosive career opportunities seamlessly blend with a vibrant, cosmopolitan lifestyle and fantastic year-round weather.
* **Professional Development:** Take advantage of our corporate LinkedIn Learning subscription to enhance your skill set
* **Merch & Events:** Get exclusive Kwalee merch, enjoy fun seasonal events, and stay informed with regular town halls.

### **Our Commitment to Diversity & Inclusion**

At Kwalee, we take pride in being an equal opportunity employer, where we believe that diversity and inclusion are essential to driving creativity. We are committed to creating a safe, welcoming, and supportive environment where everyone can thrive.

Our culture is built on celebrating the diverse voices of our team members, fuelling innovation and strengthening our connection to our players. We are dedicated to advancing equity, diversity, and inclusion across all areas of life, including age, disability, gender identity, marriage and civil partnership, pregnancy and maternity, race, religion or belief, sex, and sexual orientation.

We recognise the importance of self-development, career progression, and well-being in retaining our talented team. At Kwalee, we celebrate individuality and encourage everyone to bring their authentic selves to work.

We may use artificial intelligence (AI) tools to support parts of the hiring process, such as reviewing applications, analyzing resumes, or assessing responses. These tools assist our recruitment team but do not replace human judgment. Final hiring decisions are ultimately made by humans. If you would like more information about how your data is processed, please contact us."
https://www.linkedin.com/search/results/content/?keywords=%22Associate%20Product%20Manager%22%20Broadridge%20hiring&sortBy=%22date_posted%22,,,Broadridge,Senior,"KA, IN",,DM,,,90,Fresh,q_apm_01,0-2y,False,"At Broadridge, we've built a culture where the highest goal is to empower others to accomplish more. If you’re passionate about developing your career, while helping others along the way, come join the Broadridge team.

**Key Responsibilities**

* **Oversight** **& Best Practices:** Optimize product management processes, employing AI where possible and proactively identify areas for standardization and improved efficiency (e.g. Service Descriptions), document and implement.
* **Roadmap Support**: Oversee process for product managers in developing and managing roadmaps; coordinating feedback for process improvements, and preparing client and senior management-ready roadmap views near on-demand.
* **Governance Coordination**: Support execution of annual **Wealth Investment Governance Board** by defining and coordinating PM driven templates, supporting content creation, execute logistics and run of show and following up on actions.
* **Strategic Support**: Opportunity to contribute to ad hoc strategic client or internal projects and initiatives as directed by Senior Management, such as documentation and coordination across product for Strat Planning, Growth Day and Client Sales Opportunities.
* **AI:** Assist teams in utilizing BR AI tools to capture valuable product insights that support their strategies and client adoption. Contributing to and supporting the Wealth AI task force, and ideating on new innovations to support the COE and managing reporting and metrics.

**What Success Looks Like:**

  

* Implemented Service Description workflow and attestation process, including coordinated legal updates and tracking of common elements.
* Ability to produce on-demand roadmaps by product or Wealth overall as required both from clients and internally
* Efficiently executed internal events that impact and advance our strategic Wealth initiatives, providing clear actions and follow ups with stakeholders and clients.
* Become a Go-To Product COE expert in support of our Product teams, ensuring their success in delivering high quality roadmaps, ideas and processes.
* Delivery of well documented processes and best practices available to all associates, maintained and updated consistently
* AI driven process ideation and implementation of our product management process, creating efficiencies and best practices adopted across the COE.

We are dedicated to fostering a collaborative, engaging, and inclusive environment and are committed to providing a workplace that empowers associates to be authentic and bring their best to work. We believe that associates do their best when they feel safe, understood, and valued, and we work diligently and collaboratively to ensure Broadridge is a company—and ultimately a community—that recognizes and celebrates everyone’s unique perspective.

**Use of AI in Hiring**

As part of the recruiting process, Broadridge may use technology, including artificial intelligence (AI)-based tools, to help review and evaluate applications. These tools are used only to support our recruiters and hiring managers, and all employment decisions include human review to ensure fairness, accuracy, and compliance with applicable laws. Please note that honesty and transparency are critical to our hiring process. Any attempt to falsify, misrepresent, or disguise information in an application, resume, assessment, or interview will result in disqualification from consideration."
https://www.linkedin.com/search/results/content/?keywords=%22Associate%20Product%20Manager%22%20Amazon.com%20hiring&sortBy=%22date_posted%22,,,Amazon.com,Senior,"KA, IN",,DM,,,90,Fresh,q_apm_01,0-2y,False,"**DESCRIPTION**
---------------

Amazon’s Selection Monitoring team builds software to improve customer experience by : (1) Enabling Agentic Shopping experiences through World Product Catalog that contains all shoppable products sold anywhere in the world, (2) Growing number of customer relevant brands and products on Amazon, and (3) enriching product and brand information in Amazon catalog. We build state-of-the-art information retrieval infrastructure, extracting structured-data from unstructured-content, automatic item classification, storage systems to hold the massive catalog and distributed systems of cloud-scale. We apply parallel processing, Generative AI solutions, and machine learning algorithms to evaluate millions of products every day and to identify and prioritize new additions to Amazon’s selection efficiently. If you are customer obsessed, driven, tenacious and analytical, you will have fun solving our business problems of unprecedented scale. You will develop deep technical expertise and learn designing large scale distributed, service-oriented systems. Come join us in our journey to improve our customer experience at Amazon !  
  
Our ideal candidate will have launched multiple, impactful consumer products, have demonstrated the ability to lead high-performance teams, and have deep understanding of product management, user experience, and software development processes (especially agile). You should be highly analytical, able to work effectively across teams, and thrive in entrepreneurial, fast-paced work environments.  
  
Key job responsibilities  

* Lead product strategy and vision supported by internal data and external analysis.
* Define creative, high quality, simple product requirements and roadmaps based on product strategy.
* Manage prioritization and trade-offs among customer experience, performance and operational support requirements.
* Create buy-in for the product vision both internally and with key partners
* Work closely with engineering teams to deliver products to market using agile development methodologies.
* Stay current and report on industry trends, including new opportunities, competitor capabilities, etc.
* Measure and analyze existing products and business models for opportunities to innovate and improve, providing additional benefits to developers and customers
* Proactively identify and resolve strategic issues that may impair the team’s ability to meet strategic, financial, and technical goals

  
About the team  
Amazon carries the world’s largest catalog of products and in order to maintain this lead, we are constantly exploring and understanding the global e-commerce landscape. The mission of Selection Monitoring (SM) team is to collect all publicly available facts and generate insights about brands and products. SM is a global team with the charter to enable World Product Catalog (WPC) and surface these facts and insights to WW Amazon teams where we have an e-commerce business. SM’s primary objective is to improve Amazon selection and customer experience by discovering, validating, prioritizing off-Amazon brands and selection.

**BASIC QUALIFICATIONS**
------------------------

* Bachelor's degree
* Experience owning/driving roadmap strategy and definition
* Experience with feature delivery and tradeoffs of a product
* Experience contributing to engineering discussions around technology decisions and strategy related to a product
* Experience managing technical products or online services
* Experience in representing and advocating for a variety of critical customers and stakeholders during executive-level prioritization and planning

**PREFERRED QUALIFICATIONS**
----------------------------

* Experience in building and driving adoption of new tools

  
Our inclusive culture empowers Amazonians to deliver the best results for our customers. If you have a disability and need a workplace accommodation or adjustment during the application and hiring process, including support for the interview or onboarding process, please visit https://amazon.jobs/content/en/how-we-hire/accommodations for more information. If the country/region you’re applying in isn’t listed, please contact your Recruiting Partner."
https://www.linkedin.com/search/results/content/?keywords=%22Associate%20Product%20Manager%22%20nan%20hiring&sortBy=%22date_posted%22,,,nan,Senior,"KA, IN",TalentAcquisitionIndia@revantage.com,email,,,90,Fresh,q_apm_01,0-2y,True,"**Position Overview**  
  
The **Senior Product Owner** is an experienced, functionally deep Workday professional who owns one or more Workday modules end-to-end on behalf of Revantage and its PortCos. This is not a passive coordination role — it is an active, hands-on domain mastery role. You are the subject-matter expert, the decision-maker, the stakeholder champion, and the product strategist for your assigned module(s). You will work across a complex multi-PortCo environment, running user forums, managing the release roadmap, driving adoption, and continuously finding ways to extract more value from the platform.  
  
This role is specifically focused on Core HCM, Onboarding & Security. Additional module expertise is a plus. This role has a defined growth path: as the team matures, the Product Owner will take on line management responsibility for an Associate Product Owner, growing into a player-manager who both delivers and develops.  
  
**Key Responsibilities**  
  
**Domain Ownership & Functional Mastery**

  

* Own your assigned Workday module(s): Core HCM, Security and Onbaording end-to-end — from strategy and design through configuration, testing, deployment, and ongoing optimization.
* Develop and maintain deep functional expertise in your domain(s), staying current with Workday product updates, roadmap changes, and community best practices.
* Serve as the primary point of contact and escalation resource for your module area across all PortCos.
* Maintain comprehensive knowledge of how your module(s) interact with upstream and downstream systems and processes — and design solutions with those dependencies in mind.
* Think beyond Workday: identify complementary or supplementary technologies that could enhance capability in your domain — whether that is AI-powered tools, third-party integrations, or adjacent platforms.

**PortCo Engagement & Stakeholder Management**

  

* Build and maintain strong relationships with HR leaders, operations teams, and business stakeholders across multiple PortCos.
* Act as a trusted advisor — understanding each PortCo's unique workforce model, business context, and HR priorities.
* Run structured Product Owner forums, working groups, and user communities to surface requirements, share updates, and drive alignment.
* Manage competing priorities across PortCos with transparency — communicating trade-offs, timelines, and decisions clearly to all stakeholders.
* Facilitate requirements workshops and design sessions, translating business needs into clear, actionable Workday solutions.

**Roadmap & Release Ownership**

  

* Own and maintain the product roadmap for your module(s) — balancing strategic enhancements, PortCo-driven requirements, bug fixes, and Workday release adoption.
* Evaluate every Workday bi-annual release for impact and opportunity within your domain — leading opt-in decisions, testing, and rollout planning.
* Prioritize the backlog in collaboration with stakeholders, the Functional Architect, and People Technology leadership.
* Ensure all enhancements are delivered with appropriate change management, training, and communications to end users and HR teams.
* Track and report on the delivery and benefit realization of roadmap initiatives.

**Hands-On Delivery**

  

* Remain hands-on with Workday configuration in your module area — able to review, validate, and contribute to configuration work alongside the Associate Product Owner.
* Lead user acceptance testing (UAT) for enhancements and releases within your domain.
* Review and approve design documents, configuration specifications, and test plans before deployment.
* Support the Associate Product Owner(s) in day-to-day delivery, providing guidance, review, and quality oversight.

**Ecosystem & Innovation Thinking**

  

* Continuously evaluate the HR technology landscape for innovations relevant to your module area — e.g., AI in recruiting, manager effectiveness tools, payroll analytics.
* Propose and build the business case for technology enhancements or new tool adoption where Workday alone does not fully meet business needs.
* Collaborate with vendors (Workday, Paradox, HiredScore, Peakon, etc.) to stay ahead of product developments and advocate for Revantage's priorities.

**Team Development**

  

* In the near term, work closely with and provide functional guidance to the Associate Product Owner(s) aligned to your module area.
* As the team grows, take on formal line management responsibility for your Associate Product Owner — supporting their development, performance, and career growth.

**Required Qualifications**

  

* 5+ years of Workday functional experience with deep, hands-on expertise in at least two Workday modules.
* Demonstrated experience owning a Workday module in a production environment — including enhancements, releases, stakeholder management, and roadmap ownership.
* Experience working in a multi-entity, multi-PortCo, or shared-services HR technology model.
* Strong understanding of Workday business process configuration, security roles, reporting, and calculated fields.
* Proven ability to engage and influence senior HR stakeholders without direct authority.
* Experience running forums, steering committees, or user communities across a distributed stakeholder base.
* Global Workday implementation or support experience — able to navigate multi-jurisdiction complexity.
* Excellent written and verbal communication skills — able to translate technical concepts for business audiences and vice versa.

**Module-specific Experience (by Role)**  
  
Depending on the specific Product Owner role, candidates should bring deep expertise in one or more of the following clusters:

  

* Core HCM, Onboarding & Workday Help: Org design, job architecture, business process configuration, worker data, Workday Help case management.
* Compensation & Advanced Compensation: Salary structures, merit and bonus plans, compensation cycles, equity, allowances, and global pay practices.
* Recruiting, Paradox & HiredScore: Recruiting business processes, offer management, candidate experience, AI screening tools, and sourcing integrations.
* Talent & Learning: Performance reviews, goal management, succession planning, learning campaigns, content management, and skills framework.
* US Benefits & US Payroll: Open enrollment, benefit plans, ACA compliance, payroll processing, tax configuration, and off-cycle runs.
* People Analytics & Peakon: Workday Prism Analytics, dashboards, engagement survey design, action planning, and People Analytics storytelling.

**Preferred Qualifications**

  

* Workday Pro certification in one or more relevant modules.
* Experience with third-party HR technology integrations and vendor management.
* Exposure to change management methodologies and communication planning.
* Prior experience in private equity, financial services, or multi-company real estate environments.
* Familiarity with Agile or product management frameworks (backlog management, sprint planning, road mapping tools).

**About Revantage**  
  
Revantage is a Blackstone portfolio company and a leading provider of corporate services across Blackstone's Real Estate portfolio. Headquartered in Chicago, Revantage supports a diverse and complex ecosystem of portfolio companies (PortCos) spanning residential, commercial, logistics, hospitality, and life-sciences real estate globally — across North America, Europe, and Asia-Pacific.  
  
Our People Technology team sits at the centre of this multi-entity, multi-jurisdictional operating model. We run a single Workday tenant that serves a federated landscape of PortCos, each with its own workforce, HR policies, compensation structures, payroll requirements, and compliance obligations. This complexity demands technology professionals who thrive in ambiguity, operate with an enterprise mindset, and can design solutions that scale across legal entities, geographies, and business models.

*Job Applicant Privacy Notice*

***EEO Statement***

*The Company is an equal opportunity employer. In accordance with applicable law, we prohibit discrimination against any applicant, employee, or other covered person based on any legally recognized basis, including, but not limited to: veteran status, uniformed servicemember status, race, color, caste, immigration status, religion, religious creed (including religious dress and grooming practices), sex, gender, gender expression, gender identity, marital status, sexual orientation, pregnancy (including childbirth, lactation or related medical conditions), age, national origin or ancestry, citizenship, physical or mental disability, genetic information (including testing and characteristics), protected leave status, domestic violence victim status, or any other consideration protected by federal, state or local law. We are committed to providing reasonable accommodations, if you need an accommodation to complete the application process, please email* *TalentAcquisitionIndia@revantage.com*"
https://www.linkedin.com/search/results/content/?keywords=%22Associate%20Product%20Manager%22%20NIKE%20hiring&sortBy=%22date_posted%22,,,NIKE,Senior,"KA, IN",,DM,,,90,Fresh,q_apm_01,0-2y,False,"Position Type

Full Time

Career area

Program, Product & Project Management

Location

4/F, WeWork, Embassy GolfLinks, Karnataka, Karnātaka 560093, India

Job ID

R-94491

Become a Part of the NIKE, Inc. Team

NIKE, Inc. does more than outfit the world’s best athletes. It is a place to explore potential, obliterate boundaries and push out the edges of what can be. The company looks for people who can grow, think, dream and create. Its culture thrives by embracing diversity and rewarding imagination. The brand seeks achievers, leaders and visionaries. At NIKE, Inc. it’s about each person bringing skills and passion to a challenging and constantly evolving game.

**WHO YOU WILL WORK WITH**

As a Lead Product Manager in Nike’s India Technology Center (ITC), you will play a key role in the Consumer Product & Innovation (CP&I) team—the technology engine behind Nike’s product creation, merchandising, design, and innovation. You will work closely with global Product, Engineering, Architecture, Experience, Data & Analytics, Program Management, and Business partners across Nike’s matrixed ecosystem. Your work will accelerate Nike’s digital product creation capabilities and help deliver scalable, enterprise-grade solutions used across Footwear, Apparel, and Accessories. You will report to a Director/Senior Director of Product Management and collaborate with cross-functional teams and stakeholders to align vision, define priorities, and deliver meaningful business outcomes.

**WHO WE ARE LOOKING FOR**

We are seeking a strategic yet hands-on Lead Product Manager who thrives at the intersection of product vision, technical depth, and stakeholder alignment. You bring a data-driven mindset, strong product execution skills, and the ability to simplify complex problems into clear product decisions. You excel at balancing long-term strategic vision with day-to-day execution, synthesizing insights, leading cross-functional teams, and communicating clearly across technical and non-technical audiences.

Qualifications

* Bachelor’s degree or equivalent. MBA preferred.

* 5+ years of product management experience (web/mobile/enterprise platforms preferred)

* Strong analytical and critical thinking capabilities

* Experience in Agile delivery models and iterative development

* Strong understanding of technology architectures, APIs, and platforms

* Excellent communication and stakeholder alignment skills

* Team-first mindset with willingness to roll up sleeves

Preferred:

* Experience in consumer, retail, footwear, apparel, or digital product creation ecosystems

* Background in platform product management

* Experience managing executive communications or business presentations

**WHAT YOU WILL WORK ON**

As a Lead PM in CP&I, you will own the roadmap and lifecycle of key platform or product capabilities that power Nike’s global product creation ecosystem. Core responsibilities include:

* Defining product vision, strategy, and roadmap

* Driving discovery, prioritization, development, rollout, and adoption

* Translating user needs into technical requirements with Engineering

* Collaborating with business stakeholders to define priorities and success metrics

* Optimizing user journeys and platform health across CP&I tools and services

* Making evidence-based trade-offs between user needs, complexity, and business value

* Investigating issues, performing root-cause analysis, closing systemic gaps

* Driving consistency in product quality, documentation, KPIs, and roadmap communication

* Establishing and communicating performance metrics across the organization

NIKE, Inc. is a growth company that looks for team members to grow with it. Nike offers a generous total rewards package, casual work environment, a diverse and inclusive culture, and an electric atmosphere for professional development. No matter the location, or the role, every Nike employee shares one galvanizing mission: To bring inspiration and innovation to every athlete\* in the world.

NIKE, Inc. is an equal opportunity employer. Qualified applicants will receive consideration without regard to race, color, religion, sex, national origin, age, sexual orientation, gender identity, gender expression, veteran status, or disability.

What You Can Expect

**OUR HIRING GAME PLAN**
------------------------

### **01 Apply**

Our teams are made up of diverse skillsets, knowledge bases, inputs, ideas and backgrounds. We want you to find your fit – review job descriptions, departments and teams to discover the role for you.

### **02 Meet a Recruiter or Take an Assessment**

If selected for a corporate role, a recruiter will reach out to start your interview process and be your main contact throughout the process. For retail roles, you’ll complete an interactive assessment that includes a chat and quizzes and takes about 10-20 minutes to complete. No matter the role, we want to learn about you – the whole you – so don’t shy away from how you approach world-class service and what makes you unique.

### **03 Interview**

Go into this stage confident by doing your research, understanding what we are looking for and being prepared for questions that are set up to learn more about you, and your background."
https://www.linkedin.com/search/results/content/?keywords=%22Associate%20Product%20Manager%22%20NIKE%20hiring&sortBy=%22date_posted%22,,,NIKE,Senior,"KA, IN",,DM,,,90,Fresh,q_apm_01,0-2y,False,"Position Type

Full Time

Career area

Program, Product & Project Management

Location

4/F, WeWork, Embassy GolfLinks, Karnataka, Karnātaka 560093, India

Job ID

R-94492

Become a Part of the NIKE, Inc. Team

NIKE, Inc. does more than outfit the world’s best athletes. It is a place to explore potential, obliterate boundaries and push out the edges of what can be. The company looks for people who can grow, think, dream and create. Its culture thrives by embracing diversity and rewarding imagination. The brand seeks achievers, leaders and visionaries. At NIKE, Inc. it’s about each person bringing skills and passion to a challenging and constantly evolving game.

**WHO YOU WILL WORK WITH**

As a Lead Product Manager in Nike’s India Technology Center (ITC), you will play a key role in the Consumer Product & Innovation (CP&I) team—the technology engine behind Nike’s product creation, merchandising, design, and innovation. You will work closely with global Product, Engineering, Architecture, Experience, Data & Analytics, Program Management, and Business partners across Nike’s matrixed ecosystem. Your work will accelerate Nike’s digital product creation capabilities and help deliver scalable, enterprise-grade solutions used across Footwear, Apparel, and Accessories. You will report to a Director/Senior Director of Product Management and collaborate with cross-functional teams and stakeholders to align vision, define priorities, and deliver meaningful business outcomes.

**WHO WE ARE LOOKING FOR**

We are seeking a strategic yet hands-on Lead Product Manager who thrives at the intersection of product vision, technical depth, and stakeholder alignment. You bring a data-driven mindset, strong product execution skills, and the ability to simplify complex problems into clear product decisions. You excel at balancing long-term strategic vision with day-to-day execution, synthesizing insights, leading cross-functional teams, and communicating clearly across technical and non-technical audiences.

Qualifications

* Bachelor’s degree or equivalent. MBA preferred.

* 5+ years of product management experience (web/mobile/enterprise platforms preferred)

* Strong analytical and critical thinking capabilities

* Experience in Agile delivery models and iterative development

* Strong understanding of technology architectures, APIs, and platforms

* Excellent communication and stakeholder alignment skills

* Team-first mindset with willingness to roll up sleeves

Preferred:

* Experience in consumer, retail, footwear, apparel, or digital product creation ecosystems

* Background in platform product management

* Experience managing executive communications or business presentations

**WHAT YOU WILL WORK ON**

As a Lead PM in CP&I, you will own the roadmap and lifecycle of key platform or product capabilities that power Nike’s global product creation ecosystem. Core responsibilities include:

* Defining product vision, strategy, and roadmap

* Driving discovery, prioritization, development, rollout, and adoption

* Translating user needs into technical requirements with Engineering

* Collaborating with business stakeholders to define priorities and success metrics

* Optimizing user journeys and platform health across CP&I tools and services

* Making evidence-based trade-offs between user needs, complexity, and business value

* Investigating issues, performing root-cause analysis, closing systemic gaps

* Driving consistency in product quality, documentation, KPIs, and roadmap communication

* Establishing and communicating performance metrics across the organization

NIKE, Inc. is a growth company that looks for team members to grow with it. Nike offers a generous total rewards package, casual work environment, a diverse and inclusive culture, and an electric atmosphere for professional development. No matter the location, or the role, every Nike employee shares one galvanizing mission: To bring inspiration and innovation to every athlete\* in the world.

NIKE, Inc. is an equal opportunity employer. Qualified applicants will receive consideration without regard to race, color, religion, sex, national origin, age, sexual orientation, gender identity, gender expression, veteran status, or disability.

What You Can Expect

**OUR HIRING GAME PLAN**
------------------------

### **01 Apply**

Our teams are made up of diverse skillsets, knowledge bases, inputs, ideas and backgrounds. We want you to find your fit – review job descriptions, departments and teams to discover the role for you.

### **02 Meet a Recruiter or Take an Assessment**

If selected for a corporate role, a recruiter will reach out to start your interview process and be your main contact throughout the process. For retail roles, you’ll complete an interactive assessment that includes a chat and quizzes and takes about 10-20 minutes to complete. No matter the role, we want to learn about you – the whole you – so don’t shy away from how you approach world-class service and what makes you unique.

### **03 Interview**

Go into this stage confident by doing your research, understanding what we are looking for and being prepared for questions that are set up to learn more about you, and your background."
https://www.linkedin.com/search/results/content/?keywords=%22Associate%20Product%20Manager%22%20Target%20hiring&sortBy=%22date_posted%22,,,Target,Senior,"KA, IN",,DM,,,90,Fresh,q_apm_01,0-2y,False,"**Senior Product Manager – Core Data and Decision Intelligence**  
  
**Target in India | L6**  
  
**About Us**  
  
As a Fortune 50 company with more than 400,000 team members worldwide, Target is an iconic brand and one of America’s leading retailers.  
  
Working at Target means the opportunity to help all families discover the joy of everyday life. Caring for our communities is woven into who we are, and we invest in the places we collectively live, work and play. We prioritize relationships, fuel and develop talent by creating growth opportunities, and succeed as one Target team. At our core, our purpose is ingrained in who we are, what we value, and how we work. It’s how we care, grow, and win together.  
  
Target is investing in the next generation of **intelligent store experiences** that connect operational, digital and physical environments to create smarter outcomes for guests, team members and the business.  
  
Our Core Intelligence Product teams are building the foundational capabilities that enable Target’s stores to **understand what is happening, anticipate what matters, recommend the right actions, and continuously learn from outcomes**.  
  
**About the Job – Senior Product Manager, Core Data and Decision Intelligence**  
  
What if a store could understand its operating environment in real time, recognize what matters most and intelligently recommend what should happen next?  
  
That is the future our **Core Data and Intelligence** teams are working toward.  
  
As a Senior Product Manager for Core Intelligence, you will build highly technical products that transform operational and physical signals into trusted intelligence that powers smarter Store decisions and experiences.  
  
You will own a complex intelligence product end-to-end—from deeply understanding the problem and developing product strategy through discovery, experimentation, delivery and measurement of outcomes.  
  
You will work side-by-side with Engineering and Data Science and partner with UX, Store Operations and other Product teams to build scalable capabilities that can power multiple workflows and experiences across Target.  
  
**Product Strategy & Ownership**

* Own the vision, strategy, roadmap and outcomes for a complex Core Intelligence product.
* Develop a deep understanding of Store operations, users and the decisions your product is intended to improve.
* Translate customer and business problems into clear product opportunities and hypotheses.
* Balance immediate use cases with development of reusable capabilities that can scale across Target.
* Define meaningful product health and outcome metrics and use them to drive prioritization and investment decisions.

**Discovery & Intelligence Product Development**

* Lead continuous discovery with Engineering, Data Science, UX, Operations and consuming Product teams.
* Explore how operational context, data science, AI/ML and emerging technologies can solve meaningful Store problems.
* Design experiments and prototypes to test hypotheses before scaling solutions.
* Partner closely with Data Science to define intelligence quality, confidence and feedback mechanisms.
* Build products that continuously learn and improve through real-world outcomes.
* Make thoughtful trade-offs across accuracy, latency, explainability, scalability and business value.

**Product Delivery & Outcomes**

* Own and prioritize the product backlog while maintaining clear connection to strategy and outcomes.
* Partner with Engineering and Data Science throughout discovery, development, launch and learning.
* Make autonomous product decisions within your product area.
* Establish adoption, product-health and outcome measures.
* Continuously evaluate whether the product is solving the intended problem and adjust strategy based on evidence.
* Ensure capabilities are reliable, reusable and extensible where appropriate.

**Cross-Functional Leadership**

* Build trusted partnerships across Engineering, Data Science, UX, Store Operations and Product teams.
* Influence partners and stakeholders through strong product thinking, evidence and storytelling.
* Clearly communicate product strategy, customer problems, trade-offs and outcomes.
* Navigate dependencies across a complex enterprise ecosystem.
* Contribute to the broader Core Intelligence strategy and identify opportunities for reuse across Store experiences.

**About You**

* 4-year college degree or equivalent experience.
* 5+ years of Product Management or relevant product experience.
* Experience owning complex, technical or data-intensive products.
* Strong product discovery and problem-solving capabilities.
* Comfortable partnering deeply with Engineering and Data Science.
* Familiarity with AI/ML, data products, recommendation systems or intelligent platforms is preferred.
* Ability to translate complex technology into intuitive customer and business outcomes.
* Strong analytical thinking and ability to make decisions using imperfect information.
* Excellent communication and cross-functional influence skills.
* Curious, comfortable with ambiguity and energized by building products in emerging problem spaces."
https://www.linkedin.com/search/results/content/?keywords=%22Associate%20Product%20Manager%22%20DocuSign%20hiring&sortBy=%22date_posted%22,,,DocuSign,Senior,"KA, IN",accommodations@docusign.com,email,,,90,Fresh,q_apm_01,0-2y,True,"**Company Overview**
--------------------

  
  
  

Docusign brings agreements to life. Over 1.5 million customers and more than a billion people in over 180 countries use Docusign solutions to accelerate the process of doing business and simplify people’s lives. With intelligent agreement management, Docusign unleashes business-critical data that is trapped inside of documents. Until now, these were disconnected from business systems of record, costing businesses time, money, and opportunity. Using Docusign’s Intelligent Agreement Management platform, companies can create, commit, and manage agreements with solutions created by the #1 company in e-signature and contract lifecycle management (CLM).

  
  

**What you'll do**
------------------

  
  
  

As a P5 Lead Product Manager Analyst AI for Marketing and Prospecting, you own Agent Use Case Definition & Business Outcomes by identifying high-impact business workflows. You define technically viable agent requirements and translate business problems into clearly defined agent capabilities feasible within the enterprise tech stack. For Applications Workflow Design & Orchestration, you define the end-to-end workflow an agent will perform across enterprise systems, specifying triggers, context, actions, and escalation paths. You handle Collaboration, Value measurement, and Continuous improvement by defining success metrics, tracking outcomes, and refining agent behaviors based on operational feedback. Finally, you manage Autonomous Boundaries and Safety by determining the extent of agent autonomy, defining guardrails, approval checkpoints, and the human-in-the-loop model.
  
  
This position is an individual contributor role reporting to the Director, Martech & Prospecting Applications.

  

**Responsibility**

* Identify the highest-value problems for business development, sales and account executives where an agent can save time, reduce effort, and take useful action
* Be very savvy with data, crunch the current state funnel metrics, and pipeline performances to determine the highest value use cases to agentify
* Influence senior leaders and cross-functional teams on use cases we should automate, what to build first, and how to stay at the forefront of this space
* Understand intent signals, prospecting signals, propensity scores, next best recommendations etc to determine the best execution strategies for prospecting
* Evaluate rapidly new capabilities from model providers, tooling ecosystems, and internal platforms, and translate them into clear product bets
* Build scrappy but convincing prototypes using available models, agent frameworks, tools, and lightweight interfaces to test usefulness, trust, and feasibility
* Partner with engineering, ML, design, and platform teams to turn promising prototypes into scalable product experiences
* Shape how memory, context, orchestration, permissions, and human handoff should work in prospecting journeys
* Define safe patterns for agents that take action, including clear explanations, user approvals, visibility into what the agent is doing, and recovery paths when things go wrong
* Establish success metrics, launch criteria, and learning loops for these experiences, balancing ambition with trust, reliability, latency, and cost
  

  

**Job Designation**
-------------------

  
  
  

**Hybrid:** Employee divides their time between in-office and remote work. Access to an office location is required. (Frequency: Minimum 2 days per week; may vary by team but will be weekly in-office expectation)

Positions at Docusign are assigned a job designation of either In Office, Hybrid or Remote and are specific to the role/job. Preferred job designations are not guaranteed when changing positions within Docusign. Docusign reserves the right to change a position's job designation depending on business needs and as permitted by local law.

  
  

**What you bring**
------------------

  
  
  

**Basic**

* 6+ years of product management experience, including meaningful work on AI/ML products, automation systems, developer tools, platforms, or other technically sophisticated products.
* Hands-on builder mindset, with the ability to use model APIs, agent tooling, and simple code in Python or TypeScript/JavaScript to create or guide working prototypes
* Proven track record of taking new product areas from ambiguous opportunity to strategy, prototype, launch, and measurable impact
  

**Preferred**

  

* Experience building assistants, agents, copilots, or AI products that use tools to complete tasks
* Familiarity with memory, tool calling, browser or computer use, voice, multimodal interaction, or agent orchestration
* Background in software engineering, ML, data science, or a similarly technical field
* Strong point of view on when an agent should act autonomously, when it should ask for permission, and how to keep users in controlStrong technical fluency and comfort working at the boundary of product and engineering and be able to reason about APIs, orchestration, data flows, permissions, latency, and failure modes
* Strong judgment in trust-sensitive experiences, including transparency, control, privacy, and reliability
* Excellent written and verbal communication skills, with the ability to create clarity and alignment across senior cross-functional stakeholders
* Strong Data Analysis, Data Science and engineering skills

  

**Life at Docusign**
--------------------

  
  
  

**Working here**

Docusign is committed to building trust and making the world more agreeable for our employees, customers and the communities in which we live and work. You can count on us to listen, be honest, and try our best to do what’s right, every day. At Docusign, everything is equal.

We each have a responsibility to ensure every team member has an equal opportunity to succeed, to be heard, to exchange ideas openly, to build lasting relationships, and to do the work of their life. Best of all, you will be able to feel deep pride in the work you do, because your contribution helps us make the world better than we found it. And for that, you’ll be loved by us, our customers, and the world in which we live.

**Accommodation**

Docusign is committed to providing reasonable accommodations for qualified individuals with disabilities in our job application procedures. If you need such an accommodation, or a religious accommodation, during the application process, please contact us at accommodations@docusign.com.

If you experience any issues, concerns, or technical difficulties during the application process please get in touch with our Talent organization at taops@docusign.com for assistance."
https://www.linkedin.com/search/results/content/?keywords=%22Associate%20Product%20Manager%22%20Cvent%20hiring&sortBy=%22date_posted%22,,,Cvent,Senior,"HR, IN",name@cvent.com,email,,,90,Fresh,q_apm_01,0-2y,True,"Overview:

Cvent is a leading meetings, events, and hospitality technology provider with more than 5,000+ employees and 24,000+ customers worldwide, including 60% of the Fortune 500. Founded in 1999, Cvent delivers a comprehensive event marketing and management platform for marketers and event professionals and offers software solutions to hotels, special event venues and destinations to help them grow their group/MICE and corporate travel business. Our technology brings millions of people together at events around the world. In short, we’re transforming the meetings and events industry through innovative technology that powers the human connection.

Cvent's strength lies in its people, fostering a culture where everyone is encouraged to think like entrepreneurs, taking risks and making decisions confidently. We value diverse perspectives and celebrate differences, working together with colleagues and clients to build strong connections.

**AI at Cvent: Leading the Future**

Are you ready to shape the future of work at the intersection of human expertise and AI innovation? At Cvent, we’re committed to continuous learning and adaptation—AI isn’t just a tool for us, it’s part of our DNA. We’re looking for candidates who are eager to evolve alongside technology. If you love to experiment boldly, share your discoveries, and help define best practices for AI-augmented work, you’ll thrive here. Our team values professionals who thoughtfully integrate AI into their daily work, delivering exceptional results while relying on the human judgment and creativity that drive real innovation.

Throughout our interview process, you’ll have the chance to demonstrate how you use AI to learn, iterate, and amplify your impact. If you’re excited to be part of a team that’s leading the way in AI-powered collaboration, we’d love to meet you.

***Recruitment Scam Notice:*** *Beware of recruitment scams. Legitimate Cvent recruiting communications will come from accounts formatted as “name@cvent.com” email address. Cvent will never request payment or ask for sensitive personal or financial information through chat or social media platforms. Cvent is not responsible for losses or damages arising from communications, payments, or disclosures made to third parties impersonating Cvent.*

*If you believe a communication may be fraudulent, we strongly recommend that you don't respond and report the incident at recruitingindia@cvent.com.*

*For more information, visit Cvent’s Recruitment Fraud Notice.* *https://www.cvent.com/en/notice-recruitment-fraud**.*

In This Role, You Will::

* Develop an in-depth understanding of the business, products, including its goals and challenges, as well as a comprehensive knowledge of the customers and users of the platform. This involves analyzing their needs, behaviors, and pain points to ensure the product aligns with their expectations and delivers meaningful value.
* Collaborate regularly with product managers on the future roadmap, including integration initiatives and the SFDC roadmap. Brainstorm new ideas and prioritize features to ensure the backlog remains healthy, well-organized, and aligned with business goals.
* Become a subject matter expert in your product domain, possessing in-depth knowledge and insights that make you the primary point of contact for internal teams seeking guidance and collaboration.
* Develop detailed product specifications that begin by clearly articulating the “why” - the core purpose and value behind the product, feature, or enhancements. These specifications should be thorough in addressing all necessary aspects yet written in a clear and concise manner to ensure they are easily understood by all stakeholders.
* Write comprehensive user stories with detailed acceptance criteria that address all functional and non-functional aspects of the product, including security, data compliance, and other essential requirements.
* Work closely with engineering, design (UX/UI), and other stakeholders to define product requirements and user stories.
* Lead end-to-end product development process, from concept and design to development, testing, launch and ensuring timely and high-quality delivery.
* Lead PI (Program Increment) planning and actively participate in key SCRUM ceremonies, including daily standups, backlog refinement, sprint planning, and product demos.
* Should possess a solid grasp of technology platforms, integrations, and system design to collaborate effectively with engineering partners.
* Leverage the power of analytics and data-driven intelligence to assess product performance, user behavior analysis, gather customer feedback, and insights from multiple channels, and make data-informed decisions which enables you to drive excellence through iteration, improvement, and refinement.
* Monitor and analyze key performance indicators (KPIs) and metrics to gauge the effectiveness, adoption, and product outcome.
* Share and present regular updates on the product roadmap and progress to leaders and stakeholders. Clearly highlight any potential risks and outline a plan to address them, ensuring everyone is informed and aligned on the path forward.
* Contribute to a culture of creativity and innovation within the product management team, think outside the box, explore new ideas, and identify opportunities to make our products stand out in the market.

Here's What You Need::

* Minimum 10-15 years of career experience with at least 7 years of product management (PO/PM) experience in technology products.
* Strong product sense with an ability to articulate problems and envision solution
* Strong understanding of technology and software development processes, with the ability to communicate effectively with technical teams.
* Inquisitive mindset with excellent analytical, problem-solving, and decision-making skills.
* Experience defining, launching, and evolving APIs and integrations at scale; clear understanding of API fundamentals (e.g., REST/GraphQL, authentication/authorization, versioning, pagination, idempotency, error handling, and rate limiting).
* Advocate and embed an AI-first mindset, integrating AI capabilities where they create strategic advantage, improve efficiency, or unlock new customer value.
* Proven ability to work hands-on with engineering and architecture teams; comfortable reading API specs, discussing system design, and making tradeoffs across performance, scalability, and cost.
* Ability to manage competing and evolving priorities in a fast-paced environment.
* Ability to handle complex situations, conversations and navigate ambiguity.
* Exceptional interpersonal skills, with the ability to influence, partner and build relationships across all levels of the organization.
* Strong written and verbal communication skills with an ability to communicate directly and clearly.
* Demonstrated experience working on at least one integration project, from discovery through delivery and measurement.

LinkedIn Remote Type: #LI-Hybrid Indeed Remote Type: N/A"
https://www.linkedin.com/search/results/content/?keywords=%22Associate%20Product%20Manager%22%20Expedia%20Group%20hiring&sortBy=%22date_posted%22,,,Expedia Group,Senior,"HR, IN",,DM,,,90,Fresh,q_apm_01,0-2y,False,"At Expedia Group, we help travelers explore the world, one journey at a time. As a global travel company powered by passionate people, trusted partnerships, and leading technology, we connect travelers, partners, and advertisers through our consumer brands, B2B network, and travel advertising business.

  

Here, you'll do meaningful work that helps millions of people discover, book, and experience travel with more ease, confidence, and joy. Our five Behaviors-Traveler First, Think Big, Operate with Excellence, Ownership Mindset, and Succeed Together-help foster a supportive environment where people can grow their careers and have the flexibility, benefits, and support to do their best work. Join us and build for travelers everywhere.

**Senior Product Manager, Orders & Reservations**

**About the Team**  
Orders & Reservations sits at the center of Expedia Group's commerce platform — the system of record for every booking and the servicing backbone from purchase through cancellation, change, or refund. The platform supports global B2C travelers, B2B partners, and internal finance and analytics consumers across every line of business and brand.
  
  
**What You Will Do (Roles & Responsibilities)**

As a Senior Product Manager, you will help improve the Book-to-Serve journey by optimizing purchase, booking, and payment success while reducing Failed Customer Interactions through better validation, orchestration, retry, guidance, and intelligent routing. Specifically, you will:

  

* Own the end-to-end product vision, strategy, and roadmap for order management and reservations, translating business and technical goals into measurable outcomes for a highly scalable, business-critical platform
* Partner closely with engineering and architecture teams to design and evolve APIs, distributed systems, and cloud-based integrations that improve orchestration, retry logic, and intelligent routing across the transaction lifecycle
* Drive down Failed Customer Interactions by leading incident learnings, root-cause analysis, defect reduction, and monitoring/alerting improvements in partnership with operations and support teams
* Lead cross-functional delivery across product, engineering, design, analytics, finance, and risk — writing clear PRDs, prioritization frameworks, and delivery plans, and building alignment through executive updates and trade-off discussions
* Explore and apply AI/ML, LLMs, and intelligent automation (e.g., anomaly detection, synthetic monitoring, agent-assisted operations) to proactively catch and prevent booking, payment, and servicing failures
Use data, dashboards, and experimentation to continuously track purchase, booking, and payment success rates, identifying friction points across the Shop-to-Book-to-Serve journey and prioritizing fixes accordingly  

**Minimum Qualifications**

  

* Min 7+ years of product management experience owning complex, platform-oriented products across booking, orders, reservations, payments, servicing, or transaction lifecycle
* Strong understanding of commerce/booking journeys — supply, payment authorization, fraud, confirmation, cancellations, refunds, and post-booking servicing
* Proven ability to define product vision, strategy, and roadmaps that drive measurable improvements in success, reliability, and cost metrics for large-scale systems
* Strong technical fluency (APIs, distributed systems, data platforms, cloud architectures) and ability to partner effectively with engineering
* Demonstrated cross-functional leadership and stakeholder communication skills, including executive updates and influence without direct authority
Strong analytical rigor — using data, experimentation, and root-cause analysis to guide decisions and reduce Failed Customer Interactions  

**Preferred Qualifications**

  

* Experience with order management systems, reservation platforms, travel/hospitality commerce, marketplaces, or other high-volume transactional products
* Familiarity with booking and servicing metrics — Purchase Success Rate, Booking Success Rate, Payment Success Rate, authorization success, cancellation rates, refund completion, contact/failure rates
* Experience integrating with suppliers, payment providers, fraud systems, customer-support tools, finance platforms, or external B2B partners
* Experience building or scaling self-service servicing capabilities for cancellations, changes, refunds, and trip management
* Experience driving platform cost optimization, telemetry efficiency, cloud economics, or governance programs
* Software engineering, systems architecture, or computer science background, with ability to engage deeply in technical design discussions
* Experience operating products globally across multiple brands, lines of business, markets, currencies, regulatory environments, or customer segments
* MBA or equivalent business education; technical degree or equivalent technical experience
Experience in a fast-paced environment balancing customer value, commercial outcomes, platform health, and delivery constraints  

  

**Accommodation requests**

Expedia Group is committed to providing an inclusive and accessible recruiting experience. If you need an accommodation or adjustment due to a disability during the application or recruiting process, please submit a request at https://expedia.service-now.com/askeg?id=job\_accommodation .

  

**About Expedia Group**

Expedia Group includes three flagship consumer brands - Expedia, Hotels.com, and Vrbo - along with a leading B2B travel business and travel advertising offerings. Across our brands and business, we help travelers explore the world with confidence and ease.

  

**Important notice**

Employment opportunities and job offers at Expedia Group will always come from Expedia Group's Talent Acquisition and hiring teams. Never share sensitive personal information unless you are confident of the recipient. Expedia Group does not extend job offers via email or messaging tools to individuals with whom we have not made prior contact. Our email domain is @expediagroup.com. The official place to find and apply for roles is https://careers.expediagroup.com/jobs/ .

  

**Equal Opportunity**

Expedia is committed to creating an inclusive work environment with a diverse workforce. All qualified applicants will receive consideration for employment without regard to race, religion, gender, sexual orientation, national origin, disability or age."
https://www.linkedin.com/search/results/content/?keywords=%22Associate%20Product%20Manager%22%20Optum%20hiring&sortBy=%22date_posted%22,,,Optum,Senior,"UP, IN",,DM,,,90,Fresh,q_apm_01,0-2y,False,"Optum is a global organization that delivers care, aided by technology to help millions of people live healthier lives. The work you do with our team will directly improve health outcomes by connecting people with the care, pharmacy benefits, data and resources they need to feel their best. Here, you will find a culture guided by inclusion, talented peers, comprehensive benefits and career development opportunities. Come make an impact on the communities we serve as you help us advance health optimization on a global scale. Join us to start **Caring. Connecting. Growing together.**

We are seeking an experienced and execution-focused AI Product Manager to lead the end-to-end delivery of Agentic AI solutions from strategy through implementation. This role sits at the intersection of Product, Engineering, Program Management, and Business stakeholders, driving the successful development and deployment of AI-powered agents and intelligent automation platforms.

The ideal candidate combines strong product management skills with a technical understanding of AI/ML technologies, agentic architecture, orchestration frameworks, and enterprise software delivery. You will own the product roadmap, PI planning, delivery execution, dependency management, and cross-functional alignment to ensure successful realization of strategic AI initiatives.

**Primary Responsibilities:**

* Product Strategy & Roadmap
  + Define and own the Agentic AI roadmap, and execution plans
  + Translate business objectives into scalable AI product capabilities and technical requirements
  + Drive prioritization of features, capabilities, and technical investments across multiple workstreams
  + Partners with leadership teams to identify opportunities to leverage Agentic AI for productivity, automation, and business transformation
  + Establish product success metrics, KPIs, and adoption measures
* End-to-End Agentic AI Delivery
  + Lead end-to-end implementation of Agentic AI solutions, from ideation and planning through deployment and operationalization
  + Drive execution across AI, engineering, platform, infrastructure, security, and business teams
  + Manage delivery milestones, implementation schedules, and release plans
  + Ensure alignment between business requirements, technical architecture, and execution priorities
  + Oversee solution readiness, launch planning, and adoption strategies
* Engineering Collaboration
  + Partner closely with Engineering, Data Science, Architecture, and Platform teams to execute product roadmaps
  + Translate complex technical concepts into actionable product requirements and user stories
  + Support design and implementation of AI agents, orchestration workflows, integrations, and automation capabilities
  + Participate in architecture reviews, technical planning, and solution design discussions
  + Drive trade-off decisions balancing customer needs, technical feasibility, timelines, and risks
* Program & Release Management
  + Lead Program Increment (PI) Planning and cross-team execution activities
  + Coordinate with Project and Program Managers to build detailed project plans, track milestones, and manage dependencies
  + Establish governance mechanisms to monitor delivery progress and stakeholder commitments
  + Identify, escalate, and resolve cross-functional blockers and risks
  + Drive executive-level reporting and communication on roadmap progress and delivery status
* Stakeholder Management
  + Collaborate with Product, Engineering, Operations, Security, Compliance, Business, and Executive Stakeholders
  + Facilitate alignment across multiple teams and organizations
  + Serve as the primary point of contact for AI product delivery initiatives
  + Present roadmap updates, implementation status, and strategic recommendations to senior leadership
* AI Innovation & Governance
  + Stay current with emerging Agentic AI technologies, frameworks, and industry trends
  + Evaluate and recommend AI platforms, LLMs, orchestration frameworks, and tooling
  + Ensure adherence to responsible AI, security, privacy, and governance standards
  + Support AI adoption and change management initiatives across the organization
  
* Comply with all applicable Company policies, procedures, and business directives, changes including those relating to work location, team assignments, work schedules, and flexible work arrangements

**Required Qualifications:**

* Bachelor's degree in engineering, Computer Science, Information Technology, or related technical discipline
* 8+ years of Product Management, Technical Product Management, or related experience
* Experience leading enterprise-scale technology implementations
* Experience managing cross-functional delivery across Product, Engineering, and Business teams
* Experience owning product roadmaps, release planning, and execution governance
* Hands-on exposure to AI/ML products, Generative AI, or Agentic AI solutions

**Preferred Qualification:**

* MBA or master's degree

*At UnitedHealth Group, our mission is to help people live healthier lives and make the health system work better for everyone. We believe everyone-of every race, gender, sexuality, age, location and income-deserves the opportunity to live their healthiest life. Today, however, there are still far too many barriers to good health which are disproportionately experienced by people of color, historically marginalized groups and those with lower incomes. We are committed to mitigating our impact on the environment and enabling and delivering equitable care that addresses health disparities and improves health outcomes - an enterprise priority reflected in our mission.*"
https://www.linkedin.com/search/results/content/?keywords=%22Associate%20Product%20Manager%22%20Optum%20hiring&sortBy=%22date_posted%22,,,Optum,Senior,"HR, IN",,DM,,,90,Fresh,q_apm_01,0-2y,False,"Optum is a global organization that delivers care, aided by technology to help millions of people live healthier lives. The work you do with our team will directly improve health outcomes by connecting people with the care, pharmacy benefits, data and resources they need to feel their best. Here, you will find a culture guided by inclusion, talented peers, comprehensive benefits and career development opportunities. Come make an impact on the communities we serve as you help us advance health optimization on a global scale. Join us to start **Caring. Connecting. Growing together.**

**Primary Responsibilities:**

* Cross-Functional Leadership
  + Build solid partnerships across business, technology, design, analytics, operations, legal, privacy, compliance, and other stakeholder groups
  + Facilitate alignment on priorities, scope, dependencies, risks, and delivery timelines
  + Communicate product vision, priorities, decisions, and progress to stakeholders at all levels of the organization
  + Support governance, operational readiness, and scalable delivery practices
* Comply with all applicable Company policies, procedures, and business directives, changes including those relating to work location, team assignments, work schedules, and flexible work arrangements

**Required Qualifications:**

* 4+ years of experience in Product Management, Product Ownership, Digital Strategy, or related roles
* Experience in Agile product delivery, managing product roadmaps, backlogs, and prioritization activities
* Experience using data and metrics to inform product decisions
* Experience managing multiple initiatives and balancing competing priorities
* Demonstrated ability to translate business needs and customer insights into actionable product requirements
* Demonstrated solid analytical, problem-solving, and decision-making skills
* Demonstrated solid communication, facilitation, stakeholder management, and presentation skills
* Demonstrated ability to influence cross-functional teams in a highly matrixed environment

**Preferred Qualifications:**

* Experience supporting digital self-service, web, mobile, contact center, or customer engagement experiences
* Experience with AI-enabled products, conversational AI, chatbots, virtual assistants, automation, or emerging technologies
* Experience working with enterprise platforms, APIs, integrations, shared services, or scalable digital solutions
* Experience supporting analytics, reporting, measurement, or value realization initiatives
* Experience using tools such as Aha!, Jira, Rally, Power BI, Tableau, Adobe Analytics, or similar platforms
* Healthcare or regulated industry experience
* Familiarity with governance, operational processes, workflow management, or regulatory considerations

**Why Join Us**

UnitedHealth Group, a Fortune 5 organization, is committed to improving healthcare experiences through innovation and scale. As a Product Manager, you'll play a hands-on role in building digital solutions that make healthcare finances easier, clearer, and more accessible for millions of consumers.

**Commitment to Diversity**

We build workplaces that welcome diversity, inclusion, and the strength of underrepresented voices. Every innovation sparks from diversity in perspective

*At UnitedHealth Group, our mission is to help people live healthier lives and make the health system work better for everyone. We believe everyone-of every race, gender, sexuality, age, location and income-deserves the opportunity to live their healthiest life. Today, however, there are still far too many barriers to good health which are disproportionately experienced by people of color, historically marginalized groups and those with lower incomes. We are committed to mitigating our impact on the environment and enabling and delivering equitable care that addresses health disparities and improves health outcomes - an enterprise priority reflected in our mission.*"
https://www.linkedin.com/search/results/content/?keywords=%22Associate%20Product%20Manager%22%20DBS%20Bank%20hiring&sortBy=%22date_posted%22,,,DBS Bank,Senior,"MH, IN",,link,,,90,Fresh,q_apm_01,0-2y,False,"**Role Overview**

The Segment Manager for DBS Treasures plays a pivotal role in driving the growth, profitability, and service excellence of the affluent client segment. This position requires a strategic thinker who is adept at managing complex financial metrics, driving frontline productivity, and implementing data-driven insights to enhance channel efficiency and client experience.

**Key Responsibilities**

* **Driving RM Productivity:** Lead initiatives to optimize Relationship Manager (RM) performance across key sales and service metrics. Monitor and analyze performance data to identify areas for improvement and implement targeted coaching or process enhancements.
* **P&L Management:** Oversee and manage P&L metrics for the Treasures segment, ensuring business targets are met through effective resource allocation and strategic planning.
* **Frontline Engagement:** Act as a key liaison between management and the frontline team. Proactively engage with RMs and service staff to communicate strategy, address operational challenges, and ensure alignment on key performance indicators.
* **Strategic Segmentation:** Manage the end-to-end customer segmentation process, including the strategic execution of upgrades and downgrades to ensure the client base is appropriately serviced and aligned with segment value propositions.
* **Channel Efficiency:** Utilize data analytics to create actionable insights that drive overall channel efficiency. Develop and execute strategies to streamline operations and enhance the delivery of the Treasures service model.

**Requirements**

* **Domain Expertise:** Deep understanding of the affluent banking segment, including client needs, investment products, and service expectations.
* **Analytical Rigor:** Proven ability to analyze complex financial data, generate actionable insights, and translate them into strategic business decisions.
* **Stakeholder Management:** Excellent communication and interpersonal skills, with a track record of effectively influencing and collaborating with frontline teams and senior leadership.
* **Operational Excellence:** Strong project management skills, with the ability to manage multiple priorities in a fast-paced, formal banking environment.
* **Education:** A degree in Finance, Business, Economics, or a related field. Professional certifications (e.g., CFA, CFP) are highly advantageous.

**Location:**

Mumbai

**Job:**

Product Management

**Schedule:**

Regular

**Employee Status:**

Full time"
https://www.linkedin.com/search/results/content/?keywords=%22Associate%20Product%20Manager%22%20Ensemble%20Health%20Partners%20hiring&sortBy=%22date_posted%22,,,Ensemble Health Partners,Senior,"TS, IN",,DM,,,90,Fresh,q_apm_01,0-2y,False,"**Thank you for considering a career at Ensemble Health Partners India!**

Ensemble Health Partners - The single solution for a frictionless revenue cycle with the purpose of redefining the possible in healthcare by empowering people to be the difference. Our India Office is an extension of Ensemble’s team and culture designed to augment and enhance our talent and skill base in Revenue Cycle Management in addition to our long-standing presence in technology. Leveraging our platform of services, technology, business intelligence and analytics, our teams are creating and maintaining innovative products and systems to help our revenue cycle operators achieve the most efficient, ideal outcomes for our clients. Our teams are certified in revenue cycle best practices and are supporting end-to-end RCM operations. We are at the forefront of innovation using cutting-edge technology to drive meaningful impact in the Revenue Cycle Management landscape. As a leading player in the industry, we offer an environment that fosters growth, creativity, and collaboration, where your expertise will be valued, and your contributions will make a difference.

**The Opportunity:**

Job Title: Lead Product Manager

Location: India

Experience: 10+ years

Position Summary

We are seeking a modern, tech-forward Product Manager with good Healthcare Revenue Cycle

Management (RCM) exposure to join our product organization. This role goes beyond traditional

functional product ownership.

As a Product Manager in a technology-enabled organization, you are expected to deeply

understand business problems and go the extra mile by leveraging technology, data, and

AI-assisted tools to rapidly explore solutions, validate ideas, and accelerate delivery.

Product Ownership is an inherent part of Product Management in this role. The ideal candidate is

comfortable operating at the intersection of domain, technology, data, and execution, working

closely with offshore engineering teams and cross-functional stakeholders.

Key Responsibilities

Product Ownership & RCM Domain Expertise

* Own product requirements end-to-end, from discovery through delivery and acceptance.
* Demonstrate strong exposure to end-to-end Revenue Cycle Management (RCM)

practices, workflows, terminology, and industry standards.

* Understand how clinical, operational, payer, and financial data interact across the revenue

cycle.

* Act as a trusted partner to stakeholders and customers to deeply understand business

problems and desired outcomes.

Requirements, Backlog & Agile Execution

* Analyze and document complex business needs and translate them into features, epics,

and user stories.

* Create current-state and future-state process flows to support solution design.
* Maintain and prioritize a forward-looking product backlog based on value, risk, and

dependencies.

* Present requirements during sprint planning and grooming; unblock engineering teams

and act as a proxy Product Manager when required.

* Work closely with offshore development teams to clarify requirements during offshore

hours.

* Participate actively in grooming, sprint planning, reviews, and retrospectives.
* Perform feature acceptance and final review prior to production release.

Technical Alignment

* Demonstrate a strong working understanding of underlying technologies, system

architectures, and data flows.

* Work closely with engineering to understand feasibility, technical trade-offs, and

implementation constraints.

* Participate in early technical discussions and feasibility spikes to reduce ambiguity and

rework.

* Ensure functional requirements are aligned with non-functional needs such as

performance, security, scalability, and reporting.

* Use modern tools and platforms, including AI-assisted tools, to accelerate solution

exploration and decision-making.

Data, AI & Rapid Prototyping

* Use data analysis to support prioritization, roadmap decisions, and outcome

measurement.

* Define success metrics and track post-release impact.
* Leverage AI-assisted tools (e.g., Copilot, LLM-based assistants) to:

o Accelerate requirement analysis and documentation

o Perform exploratory data analysis

o Support technical understanding and solution exploration

* Rapidly translate user requirements into low-fidelity prototypes (flows, wireframes,

mockups) to validate ideas early.

* Experiment with AI agents, prompt-driven workflows, and no/low-code tools to speed up

discovery and iteration.

* Stay current with emerging product, AI, and experimentation tools and apply them

pragmatically.

Collaboration, Risk & Delivery

* Work across engineering, data, analytics, operations, and implementation teams to

identify dependencies and resolve issues.

* Identify risks early and support mitigation plans to ensure successful delivery.
* Demonstrate completed features and outcomes to stakeholders and clients.
* Operate effectively in ambiguous, fast-changing environments with strong ownership and

accountability.

Skills & Qualifications

Required

* 7–10 years of experience in Product Management / Product Ownership roles.
* Proven exposure to Healthcare RCM or Insurance domain.
* Strong understanding of Agile / Scrum product delivery.
* Strong analytical, documentation, and presentation skills.
* Data-driven mindset with comfort using data to inform decisions.
* Excellent written and verbal communication skills.

Preferred / Nice to Have

* Experience in technology-enabled services or enterprise platforms.
* Familiarity with .NET, SQL, and system architectures (hands-on coding not required).
* Experience with Azure ADO, Aha!, Draw.io, Visio.
* Practical use of AI tools for product discovery, analysis, or prototyping.
* Product Management or Agile certifications

**Why Choose Ensemble India?**

People First, Last + Always

We believe in putting people at the heart of everything. Our culture is rooted in collaboration, growth and innovation—where your contributions are valued, your voice is heard and your potential is nurtured.

**A Place to Thrive**

Whether you're just starting out or looking to grow your career, Ensemble India is a place where you can do your best work and be your best self. We offer structured career paths, paid professional certifications, tuition reimbursement and mentorship opportunities to help you advance.

**Comprehensive Total Rewards**

We support the physical, emotional and financial well-being of you and your family. Our Total Rewards package include:

* Healthcare coverage for associates and their immediate families including parents
* Paid time off plans
* Retirement benefits
* Recognition and wellness programs
* Market competitive pay rates

**Inclusive Culture**

Our organization is deeply committed to fostering a positive environment and culture where we celebrate and reward merit and contribution and where every associate feels valued, included, and empowered to succeed.

**Purpose-Driven Impact**

We proudly partner with local communities through philanthropic initiatives—from school supply drives to health awareness campaigns—because giving back is part of who we are.

Ensemble Health Partners is an **equal employment opportunity employer**. It is our policy not to discriminate against any applicant or employee based on race, color, sex, sexual orientation, gender, gender identity, religion, national origin, age, disability, military or veteran status, genetic information or any other basis protected by applicable **federal, state, or local laws.** Ensemble Health Partners also prohibits harassment of applicants or employees based on any of these **protected categories.**"
https://www.linkedin.com/search/results/content/?keywords=%22Associate%20Product%20Manager%22%20Meesho%20hiring&sortBy=%22date_posted%22,,,Meesho,Senior,"KA, IN",,DM,,,90,Fresh,q_apm_01,0-2y,False,"**About the Team**
------------------

Product Management in Meesho closely resembles our rocketship growth. Because we obsess over understanding customer behaviour, we’ve been able to carve out an e-commerce niche in Tier 2/3/4 towns in Bharat. Our business growth is testimony to a singular focus on how we think of ‘product’ for our unique customers - ones that have barely shopped online, but are now able to because of Meesho.

Fun fact: Nearly 7% of India’s households shop with us.

We are driven by a ‘user-first’ mindset. We have a strong bias for action. Above all, our team is driven by impact, not features. We drive ‘problem discovery’ & delivery - not only obsess over “what to build”, but execute with rigour to create impact.

But there’s more – we love to have fun as much as we love to work hard. From movie buffs, to sportspersons, we have a super cool team. So, if a game of badminton after a day of brainstorming at work sounds like something you would love to do, then join us!

**About the Role**
------------------

We are looking for a Senior Product Manager who is passionate about solving high impact problems in a fast paced start-up environment with a high degree of autonomy. This is inherently a cross-functional leadership role where you will work closely with teams such as analytics, data engineering, business and product management, etc to solve complex problems for the organization.

### **What you will do**

* Market & Customer Understanding: Understand the domain and technology landscape deeply through landscape analysis, user interviews/research, competition analysis and other qualitative/quantitative techniques.
* Problem Identification & Prioritization: Adopt a structured approach to identify what problems need to be solved and break them down into smaller chunks. Prioritize what problems need to be solved now vs. later.
* Vision: Ability to set forward looking vision and roadmap for the charter aligned with company’s goals
* Solution Discovery: Facilitate a process to come up with the best technology-led ideas to solve the prioritized problems. Harness the creativity of not just yourself but of other teams such as design, engg., business, etc. Be willing to experiment with multiple solution ideas and test them using MVPs, prototypes, etc.
* Product Delivery: Define detailed product requirements and work collaboratively with a cross-functional team (analytics, engineering, business, etc.) to bring a product to life. Ensure high product quality through processes such as user acceptance testing, etc.
* Go-to-Market Planning: Create a go-to-market plan working with business/marketing stakeholders to maximize product adoption and success.
* Adoption & Metrics: Define product metrics for your area, and track them continuously. Identify usage patterns and come up with action plans to move metrics in the right direction.
* Team Leadership: Manage a small team of product analysts and associate product managers, and guide them towards product execution.

### **What you will need**

* Overall experience of 7+ yrs with at least 4+ yrs in product management in a tech-led company with experience in data, analytics, engineering etc.
* Exceptional problem solving skills based on first principles thinking
* Good understanding of technology and data landscape, and comfort with product management processes such as writing product requirement documents, managing product backlogs, and creating roadmaps

### **About us**

Welcome to Meesho, where every story begins with a spark of inspiration and a dash of entrepreneurial spirit. We're not just a platform; we're your partner in turning dreams into realities.

**Curious about life at Meesho? Explore our Glassdoor - our people have a lot to say and they've helped us become a loved workplace in India.**

### **Our Mission**

Democratising internet commerce for everyone — Meesho (Meri Shop) started with a single idea in mind: to be an e-commerce destination for Indian consumers and to enable small businesses to succeed online.

We provide our sellers with benefits such as zero commission and affordable shipping solutions in the market. Today, sellers nationwide are growing their businesses by tapping into Meesho’s large and diverse customer base, state-of-the-art tech infrastructure, and pan-India logistics network through trusted third-party partners.

Affordable, relatable merchandise that mirrors local markets has helped us connect with internet users and serve customers across urban, semi-urban, and rural India. Our unique business model and continuous innovation have established us as a part of India’s e-commerce ecosystem.

### **Culture and Total Rewards**

Our focus is on cultivating a dynamic workplace characterized by high impact and performance excellence. We prioritize a people-centric culture, dedicated to hiring and developing exceptional talent.

Total rewards at Meesho comprise a comprehensive set of elements — monetary, non-monetary, tangible, and intangible. Our 9 guiding principles, or ""Mantras,"" are the backbone of how we operate, influencing everything from recognition and evaluation to growth discussions. Daily rituals and processes like “Problem First Mindset,” “Listen or Die,” our Internal Mobility Program, Talent Reviews, and Continuous Performance Management embody these principles.

We offer competitive compensation — both cash and equity-based — tailored to job roles, individual experience, and skill, along with employee-centric benefits and a supportive work environment. Our holistic wellness program, MeeCare, includes benefits across physical, mental, financial, and social wellness. This includes extensive medical insurance for employees and their families, wellness initiatives like telehealth, wellness events, and fitness-related perks.

To support work-life balance, we offer generous leave policies, parental support, retirement benefits, and learning and development assistance. Through personalized recognition, gratitude for stretched work, and engaging activities, we promote employee delight at the workplace. Additional benefits such as salary advance support, relocation assistance, and flexible benefit plans further enrich the Meesho experience.

At Meesho, we are committed to creating an inclusive and accessible workplace where every individual can thrive. In compliance with the **Rights of Persons with Disabilities Act, 2016**, we uphold the following principles:

* **Equal Opportunity**: We ensure that employment opportunities are never denied on the grounds of disability if the candidate is otherwise competent to perform the job.
* **Accessible Workplace**: Our facilities are designed to be fully accessible, with amenities and assistive devices provided to support differently abled individuals in their work.
* **Inclusive Hiring Process**: We adopt a transparent and non-discriminatory selection process, including providing application forms in alternate formats and offering reasonable accommodations during interviews upon request.
* **Career Growth**: We provide adequate training post-recruitment and pre-promotion, with training materials available in accessible formats to enable equal career progression.
* **Support & Confidentiality**: A dedicated liaison officer/committee addresses concerns and grievances, while maintaining strict confidentiality of disability-related information.
* **Awareness & Inclusion**: We conduct awareness programs to promote a culture of inclusivity across the organization.

Meesho welcomes applicants and employees of all abilities and is dedicated to fostering an environment where differently abled persons can achieve their full potential.

Know more about Meesho here : https://www.meesho.io/"
https://www.linkedin.com/search/results/content/?keywords=%22Associate%20Product%20Manager%22%20Meesho%20hiring&sortBy=%22date_posted%22,,,Meesho,Senior,"KA, IN",,DM,,,90,Fresh,q_apm_01,0-2y,False,"**About the Team**

Product Management in Meesho closely resembles our rocketship growth. Because we obsess over understanding customer behaviour, we’ve been able to carve out an e-commerce niche in Tier 2/3/4 towns in Bharat. Our business growth is testimony to a singular focus on how we think of ‘product’ for our unique customers - ones that have barely shopped online, but are now able to because of Meesho.

Fun fact: Nearly 7% of India’s households shop with us.

We are driven by a ‘user-first’ mindset. We have a strong bias for action. Above all, our team is driven by impact, not features. We drive ‘problem discovery’ & delivery - not only obsess over “what to build”, but execute with rigour to create impact.

But there’s more – we love to have fun as much as we love to work hard. From movie buffs, to sportspersons, we have a super cool team. So, if a game of badminton after a day of brainstorming at work sounds like something you would love to do, then join us!

**About the Role**

We are looking for a Senior Product Manager who is passionate about solving high impact problems in a fast paced start-up environment with a high degree of autonomy. This is inherently a cross-functional leadership role where you will work closely with teams such as software engineering, UX design, category mgmt., marketing, operations, finance, etc to bring a new product to life.

### **What will you do**

* Market & Customer Understanding: Understand the e-commerce market and needs of customers/sellers deeply through landscape analysis, customer interviews, user research, competition analysis and other qualitative/quantitative techniques.
* Problem Identification & Prioritization: Adopt a structured approach to identify what problems need to be solved and break them down into smaller chunks. Prioritize what problems need to be solved now vs. later.
* Solution Discovery: Facilitate a process to come up with the best technology-led ideas to solve the prioritized problems. Harness the creativity of not just yourself but of other teams such as design, engg., business, etc. Be willing to experiment with multiple solution ideas and test them using MVPs, prototypes, etc.
* Product Delivery: Define detailed product requirements and work collaboratively with a cross-functional team (design, engineering, business, analytics, etc.) to bring a product to life. Ensure high product quality through processes such as user acceptance testing, dogfooding, etc.
* Go-to-Market Planning: Create a go-to-market plan working with business/marketing stakeholders to maximize product adoption and success.
* Adoption & Metrics: Define product metrics for your area, and track them continuously. Identify usage patterns and come up with action plans to move metrics in the right direction.
* Roadmap Creation: Create a product roadmap for your area that has at least a 3-month forward looking view of key customer/business problems to be solved.
* Team Leadership: Manage a small team of product analysts and associate product managers, and guide them towards product execution.

### **What you will need**

* Overall experience of 7+ yrs with atleast 4+ yrs in product management in a tech-led company (consumer internet space is preferred)
* Exceptional problem solving skills based on first principles thinking
* Good understanding of technology, and comfort with product management processes such as A/B experimentation, writing product requirement documents, managing product backlogs, and creating roadmaps

### **About us**

Welcome to Meesho, where every story begins with a spark of inspiration and a dash of entrepreneurial spirit. We're not just a platform; we're your partner in turning dreams into realities.

**Curious about life at Meesho? Explore our Glassdoor - our people have a lot to say and they've helped us become a loved workplace in India.**

### **Our Mission**

Democratising internet commerce for everyone — Meesho (Meri Shop) started with a single idea in mind: to be an e-commerce destination for Indian consumers and to enable small businesses to succeed online.

We provide our sellers with benefits such as zero commission and affordable shipping solutions in the market. Today, sellers nationwide are growing their businesses by tapping into Meesho’s large and diverse customer base, state-of-the-art tech infrastructure, and pan-India logistics network through trusted third-party partners.

Affordable, relatable merchandise that mirrors local markets has helped us connect with internet users and serve customers across urban, semi-urban, and rural India. Our unique business model and continuous innovation have established us as a part of India’s e-commerce ecosystem.

### **Culture and Total Rewards**

Our focus is on cultivating a dynamic workplace characterized by high impact and performance excellence. We prioritize a people-centric culture, dedicated to hiring and developing exceptional talent.

Total rewards at Meesho comprise a comprehensive set of elements — monetary, non-monetary, tangible, and intangible. Our 9 guiding principles, or ""Mantras,"" are the backbone of how we operate, influencing everything from recognition and evaluation to growth discussions. Daily rituals and processes like “Problem First Mindset,” “Listen or Die,” our Internal Mobility Program, Talent Reviews, and Continuous Performance Management embody these principles.

We offer competitive compensation — both cash and equity-based — tailored to job roles, individual experience, and skill, along with employee-centric benefits and a supportive work environment. Our holistic wellness program, MeeCare, includes benefits across physical, mental, financial, and social wellness. This includes extensive medical insurance for employees and their families, wellness initiatives like telehealth, wellness events, and fitness-related perks.

To support work-life balance, we offer generous leave policies, parental support, retirement benefits, and learning and development assistance. Through personalized recognition, gratitude for stretched work, and engaging activities, we promote employee delight at the workplace. Additional benefits such as salary advance support, relocation assistance, and flexible benefit plans further enrich the Meesho experience.

At Meesho, we are committed to creating an inclusive and accessible workplace where every individual can thrive. In compliance with the **Rights of Persons with Disabilities Act, 2016**, we uphold the following principles:

* **Equal Opportunity**: We ensure that employment opportunities are never denied on the grounds of disability if the candidate is otherwise competent to perform the job.
* **Accessible Workplace**: Our facilities are designed to be fully accessible, with amenities and assistive devices provided to support differently abled individuals in their work.
* **Inclusive Hiring Process**: We adopt a transparent and non-discriminatory selection process, including providing application forms in alternate formats and offering reasonable accommodations during interviews upon request.
* **Career Growth**: We provide adequate training post-recruitment and pre-promotion, with training materials available in accessible formats to enable equal career progression.
* **Support & Confidentiality**: A dedicated liaison officer/committee addresses concerns and grievances, while maintaining strict confidentiality of disability-related information.
* **Awareness & Inclusion**: We conduct awareness programs to promote a culture of inclusivity across the organization.

Meesho welcomes applicants and employees of all abilities and is dedicated to fostering an environment where differently abled persons can achieve their full potential.

Know more about Meesho here : https://www.meesho.io/"
https://www.linkedin.com/posts/purushottamratre_hiring-productmanager-associate-activity-7509817300225527808-LHrw,5 hours ago,2026-10-03 14:17 UTC,MakeMyTrip,Associate / APM,"Gurugram, India",,DM,Hiring Manager,,90,Fresh,q_wide_01,0-2y,False,"MakeMyTrip is hiring – Associate Product Manager (myBiz & Core Consumer Apps). Work Location: Gurugram, India. Looking for 0-2 years of experience in product analytics, UX flows, and transactional growth. Send your resume directly or connect with our product team!"
https://www.linkedin.com/search/results/content/?keywords=%22Associate%20Product%20Manager%22%20Swiggy%20hiring&sortBy=%22date_posted%22,3 hours ago,2026-10-03 14:17 UTC,Swiggy,Associate / APM,"Bengaluru, India",,DM,Hiring Manager,,90,Fresh,q_wide_01,0-2y,False,"Swiggy is expanding our Instamart & Food Delivery product team! Hiring an Associate Product Manager (APM) in Bengaluru, India. Focus on quick-commerce supply chain logistics & hyper-local search."
https://www.linkedin.com/search/results/content/?keywords=%22Associate%20Product%20Manager%22%20Akshay%20Seeds%20Pvt%20Ltd.%20hiring&sortBy=%22date_posted%22,,,Akshay Seeds Pvt Ltd.,Mid-Level,"MH, IN",,link,,,85,Fresh,q_apm_01,0-2y,False,"· Develop and execute product strategy and portfolio plans for vegetable crops

· Lead product lifecycle management from concept to commercialization

· Work closely with R&D, breeding, and production teams for pipeline development

· Conduct market research, competitor analysis, and customer insights

· Plan and execute product positioning, branding, and go-to-market strategies

· Support sales teams with technical training, product knowledge, and field demonstrations

· Monitor product performance, demand forecasting, and inventory planning

· Drive farmer engagement programs, field days, and crop demonstrations

· Identify opportunities for new product introductions and market expansion

· Drives the entire Lifecycle of Assigned Crops & Varieties.

· Market survey, analysis, complete business planning, & execution with the sales team.

· R&D collaboration will lead commercialization.

· Product Launches & Promotion.

· Sales Support & Forecasting

Pay: From ₹30,000.00 per month

Work Location: In person"
https://www.linkedin.com/search/results/content/?keywords=%22Associate%20Product%20Manager%22%20A.S.D.%20Academy%20hiring&sortBy=%22date_posted%22,,,A.S.D. Academy,Mid-Level,"RJ, IN",,link,,,85,Fresh,q_apm_01,0-2y,False,"Role Overview

We are looking for a **Product Manager cum Training Manager** who can coordinate software product development while also managing day-to-day academy and training operations. The role requires strong planning, communication, coordination, and team-management skills.

Key Responsibilities

**Product Management**

* Understand and coordinate the development of **ERP, CRM, websites, and software products**.
* Plan projects, divide tasks among developers, and monitor work progress.
* Conduct regular discussions with the development team and collect feedback on project requirements and challenges.
* Track deadlines, priorities, and product improvements.
* Manage and guide **development interns** and monitor their assigned tasks.

**Training & Academy Management**

* Coordinate academy operations, batch schedules, classes, and training activities.
* Monitor **trainer performance, class quality, attendance, and schedules**.
* Coordinate with trainers and internal teams to ensure smooth course delivery.
* Collect feedback from students and trainers and share improvement points with management.
* Maintain regular reports related to product development and academy operations.

Required Skills

* Strong **planning, coordination, communication, and team-management skills**.
* Basic understanding of software/product development processes.
* Ability to manage multiple tasks and teams effectively.
* Good knowledge of **MS Office, Google Workspace, and project-management tools**.

Job Details

**Experience:** 1.5 – 2 Years  
**Salary:** ₹10,000 – ₹12,000/month  
**Job Type:** Full-time  
**Work Location:** In Person

Pay: ₹10,000.00 - ₹12,000.00 per month

Work Location: In person"
https://www.linkedin.com/search/results/content/?keywords=%22Associate%20Product%20Manager%22%20Google%20hiring&sortBy=%22date_posted%22,,,Google,Mid-Level,"KA, IN",,DM,,,85,Fresh,q_apm_01,0-2y,False,"In accordance with Washington state law, we are highlighting our comprehensive benefits package, which is available to all eligible US based employees. Benefits for this role include:  

* Health, dental, vision, life, disability insurance
* Retirement Benefits: 401(k) with company match
* Paid Time Off: 20 days of vacation per year, accruing at a rate of 6.15 hours per pay period for the first five years of employment
* Sick Time: 40 hours/year (increased to 69 hours/year for Seattle) including 5 discretionary sick days per instance
* Maternity Leave (Short-Term Disability + Baby Bonding): 28-30 weeks
* Baby Bonding Leave: 18 weeks
* Holidays: 13 paid days per year

  
Note: By applying to this position you will have an opportunity to share your preferred working location from the following: **New York, NY, USA; Sunnyvale, CA, USA; Kirkland, WA, USA; Bengaluru, Karnataka, India**.

### **Minimum qualifications:**

* Bachelor's degree or equivalent practical experience.
* 5 years of experience in product management or related technical role.
* 2 years of experience taking technical products from conception to launch (e.g., ideation to execution, end-to-end, 0 to 1, etc).
* Experience driving product direction, go-to-market strategy, and design with data-driven decisions.

  

### **Preferred qualifications:**

* Master’s degree or PhD in a technology or business related field.
* Experience launching successful app products in the market.
* Experience with complex product/outbound customer work, and developing products with an understanding of current cloud technologies and services.
* Knowledge of market, landscape, and customer/user requirements in-depth.
* Ability to collaborate, solve ambiguous problems, and think innovatively.
* Excellent communication, technical, and organizational skills.

**About the job**
-----------------

At Google, we put our users first. The world is always changing, so we need Product Managers who are continuously adapting and excited to work on products that affect millions of people every day.
  
  
In this role, you will work cross-functionally to guide products from conception to launch by connecting the technical and business worlds. You can break down complex problems into steps that drive product development.  
  
One of the many reasons Google consistently brings innovative, world-changing products to market is because of the collaborative work we do in Product Management. Our team works closely with creative engineers, designers, marketers, etc. to help design and develop technologies that improve access to the world's information. We're responsible for guiding products throughout the execution cycle, focusing specifically on analyzing, positioning, packaging, promoting, and tailoring our solutions to our users.

  

The mission of the Google Workspace team is to deliver flexible, innovative solutions for people and organizations to achieve more. As a Product Manager, you will drive product strategy and set product priorities. You will partner closely with Engineering and cross-functional teams to define and deliver on cloud services.

AI will change the future of work in profound ways, and our products— Gmail, Docs, Drive, Calendar, Sheets, Vids and Meet are at the forefront. From pre-computed summaries for email threads, summaries for meetings, and videos created from a document using lifelike AI avatars, our AI opportunity is huge. Our mission is to meaningfully connect people so they can create, build, and grow together and as part of the team you can build how productivity tools should work 5-10 years into the future. You will work with model builders (Google DeepMind), work with exceptional leaders, and have the ability to impact billions of users across the world.

Individual pay is determined by factors including job-related skills, experience, and relevant education or training.
  
  
US: $163000 - $236000 (USD) + 15% bonus target + equity + benefits  
  
Learn more about benefits at Google.

**Responsibilities**
--------------------

* Define the product direction and strategy for product areas within Google Workspace.
* Design and lead the product roadmap by managing goals and investments to scale globally.
* Engage with customers to understand their strategies, end-to-end business processes, pain points, and priorities to inform product strategy and provide transparency into roadmaps/managing expectations.
* Partner closely with Engineering, UX, and other internal Google teams to drive product and delivery success. Analyze landscape and industry trends to advance our products and drive innovation.
* Foster and facilitate timely decision-making across a broad network of stakeholders, delivery partners, and operational teams. Attract, develop, and retain an excellent team of product managers.

Google is proud to be an equal opportunity workplace and is an affirmative action employer. We are committed to equal employment opportunity regardless of race, color, ancestry, religion, sex, national origin, sexual orientation, age, citizenship, marital status, disability, gender identity or Veteran status. We also consider qualified applicants regardless of criminal histories, consistent with legal requirements. See also Google's EEO Policy and EEO is the Law. If you have a disability or special need that requires accommodation, please let us know by completing our Accommodations for Applicants form."
https://www.linkedin.com/search/results/content/?keywords=%22Associate%20Product%20Manager%22%20Nursing%20Next%20Exam%20Prep%20Private%20Limited%20hiring&sortBy=%22date_posted%22,,,Nursing Next Exam Prep Private Limited,Mid-Level,"UP, IN",,link,,,85,Fresh,q_apm_01,0-2y,False,"***Product Manager -JD***

***You have to take care of the following roles and responsibilities:***

***Strategic Planning:***

*1. You are required to handle the complete end to end MACRO to MICRO management of UG operations in one ownership, including all coordination and execution across scientific, technical and marketing aspects while taking full responsibility and ensuring seamless coordination with all departments.*

*2. Prepare and execute the Academic Operational Plan for UG All in One with the support of UG Head and Batch Mentors.*

*3. Ensure timely execution of the plan, including recordings, content development, quality checks, and other related tasks.*

*4. The marketing strategies execution and promotional tools creation will also come under your portfolio.*

***Content Management:***

*1. Oversee the development and uploading of content under all UG Plans, ensuring sequence, topic, and sub-topic are in sync.*

*2. Conduct checks on uploaded content to identify discrepancies and instruct Batch Mentors to resolve issues.*

***Quality Assurance:***

*1. Perform daily quality checks on content uploaded under UG Plans, including tests, videos, notes, and study materials. (Pre & Post)*

*2. Provide feedback on scientific content, along with corrective measures and guidance to improve team skills.*

***Social Media and Scientific Content Marketing:***

*1. Develop and execute a social media scientific content marketing plan to promote UG All in One.*

*2. Ensure quality checks on YouTube scientific content and other social media platforms & Official websites.*

*3. You have to participate in multiple CMEs, conferences & exhibitions at Nursing Colleges with the marketing team and give product presentation for UG All in ONE.*

***Stakeholder Management:***

*Coordinate with RM (Ms Amandeep) to discuss challenges and queries related to scientific content and provide guidance.*

***Monitoring and Evaluation:***

*1. Keep track of Margdarshan by Margdarshak and ensure its effectiveness.*

*2. Monitor the overall performance of UG All in One and identify areas for improvement.*

*3. On daily basis you need to review NNL ONE APP (android and IOS version) and making sure that updated content is uploaded in app.*

***Orientation and Support:***

*1. Being a part of orientation sessions and doubt sessions for UG subscribers.*

*2. Provide support and guidance to Batch Mentors and other team members to ensure smooth execution of the plan.*

*3. Time to time you also need to talk to students’ ambassadors.*

*4. In future you will get other assignments related to central marketing department also from the director which you have to do along with the UG responsibilities.*

Pay: ₹50,000.00 - ₹60,000.00 per month

Benefits:

* Health insurance
* Paid sick time
* Provident Fund

Work Location: In person"
https://www.linkedin.com/search/results/content/?keywords=%22Associate%20Product%20Manager%22%20CSB%20BANK%20LTD%20hiring&sortBy=%22date_posted%22,,,CSB BANK LTD,Mid-Level,"MH, IN",,link,,,85,Fresh,q_apm_01,0-2y,False,"Job Description
  

To manage assigned product portfolios by driving product development, performance optimization, customer value enhancement, regulatory compliance, and lifecycle management to support business growth and customer adoption.

  
Responsibilities
  

* Develop, enhance, and launch new Gold Loan products and propositions in line with business objectives and market requirements.
* Conduct pre-launch and post-launch product analysis to evaluate product effectiveness, customer adoption, profitability, and business performance.
* Design and maintain product performance monitoring frameworks, dashboards, and MIS reports.
* Manage the end-to-end product lifecycle, including product design, implementation, monitoring, enhancement, and retirement.
* Ensure compliance with regulatory requirements, internal policies, audit observations, and product governance standards.
* Monitor product parameters, business performance, operational metrics, and portfolio trends, and provide periodic updates to management.
* Coordinate with Technology teams for system enhancements, digital initiatives, automation, and product-related IT developments.
* Work closely with Business, Operations, Risk, Compliance, Legal, and Audit teams for successful implementation and management of product initiatives.
* Identify opportunities for process improvements, customer experience enhancement, and portfolio growth.
* Support regulatory, audit, and management reporting requirements related to the Gold Loan portfolio.

  
Qualifications
  

Experience: 8 to 12 years

Qualifications: Post Graduate"
https://www.linkedin.com/search/results/content/?keywords=%22Associate%20Product%20Manager%22%20JPMorganChase%20hiring&sortBy=%22date_posted%22,,,JPMorganChase,Mid-Level,"MH, IN",,link,,,85,Fresh,q_apm_01,0-2y,False,"**JOB DESCRIPTION**  
  
  

Make your mark by leading a high-visibility modernization that reshapes how teams access trusted insights at scale. You will drive a firmwide legacy analytics decommission and migration, partnering with senior leaders and global delivery teams to deliver measurable outcomes by a strategic deadline. Join a team that values ownership, career mobility, and hands-on impact across a complex technology transformation.

As a Product Manager at JPMorganChase within Commercial & Investment Banking unit, you will lead end-to-end delivery of a legacy business intelligence platform decommission and migration to modern cloud-native analytics tools. You will own inventory analysis, migration planning, and cross-functional execution to move thousands of reports, schedules, and users to approved replacement capabilities. You will partner with technology, data, and business stakeholders to prioritize migration waves, reduce scope through rationalization, and ensure continuity for critical reporting. You will provide transparent governance and executive communications to ensure delivery against a firm strategic deadline.

This role sits within a senior leadership-sponsored transformation program and focuses on retiring legacy reporting capabilities while enabling scalable, modern analytics. You will coordinate across multiple geographies and functions to align business priorities, data dependencies, and delivery sequencing. Success in this role requires strong product ownership, structured program governance, and the ability to translate complex reporting and data flows into actionable migration plans. You will balance speed of delivery with risk awareness, ensuring that regulated or controlled reporting obligations remain continuously supported.

**Job Responsibilities**

* Own and continuously improve a comprehensive inventory of reports, schedules, and data extract processes, driving rationalization and recertification to reduce migration scope and risk.
* Map report logic and data flows to business processes, application integrations, and downstream dependencies, prioritizing migration waves based on criticality and complexity.
* Lead stakeholder engagement across business and technology functions, facilitating workshops to document current usage, capture requirements, and define future-state reporting needs.
* Define functional and non-functional requirements for replacement reporting capabilities, including scheduling, distribution, embedded analytics, and integration needs.
* Drive evaluation and selection of replacement tools by coordinating structured demos, proof-of-concept activities, and decision forums aligned to program objectives and constraints.
* Oversee migration planning and execution across data warehouse, data pipelines (extract, transform, load), and reporting layers, ensuring source-to-target mapping and semantic definitions are maintained.
* Leverage analytics and approved automation approaches (including responsible use of artificial intelligence-enabled tooling) to accelerate usage analysis, pattern detection, and migration prioritization while maintaining appropriate risk awareness.
* Produce clear program governance artifacts (status reporting, risks/issues/dependencies, milestone tracking, and escalation materials) for senior technology and business leadership.
* Coordinate cross-functional delivery across a global team, proactively surfacing blockers, managing competing priorities, and driving timely decisions.
* Deliver change management activities including user communications, training coordination for new platforms, adoption tracking, and transition support through cutover.

**Required qualifications, capabilities and skills**

* Proven experience as a technical product manager or senior business analyst delivering large-scale technology decommission, data migration, or reporting transformation programs in financial services.
* Demonstrated knowledge of enterprise reporting landscapes, including report lifecycle management, self-service reporting, automated scheduling/distribution, embedded analytics, and integration with data pipelines.
* Hands-on experience with at least one enterprise reporting or analytics platform (for example: Tableau, ThoughtSpot, Microsoft Power BI, MicroStrategy, Sigma, Cognos, SAP BusinessObjects, or similar).
* Experience analyzing, rationalizing, and migrating large report inventories, including prioritization, wave planning, and execution tracking.
* Working knowledge of data warehousing concepts (for example: dimensional modeling, facts and dimensions, and data marts) sufficient to assess migration impacts and dependencies.
* Working knowledge of data integration patterns and pipeline scheduling sufficient to document data flows and coordinate re-platforming activities with engineering teams.
* Proficiency in Structured Query Language (SQL), including complex joins and reconciliations used to validate migration completeness and data quality.
* Strong stakeholder management skills with experience facilitating workshops, aligning cross-functional priorities, and driving decisions across senior audiences.
* Program governance capability, including structured planning, milestone management, dependency management, and executive-ready communications.
* Awareness of regulated, controlled, or audit-relevant reporting considerations and the need to maintain continuity during platform transitions.

**Preferred qualifications, capabilities and skills**

* Hands-on experience with SAP BusinessObjects and/or Crystal Reports (for example: Web Intelligence, scheduling, universe design, or report development).
* Experience building dashboards or reports in modern analytics tools (for example: calculations, parameters, filters, and visualization best practices).
* Experience using analytics automation or artificial intelligence-enabled tools (e.g. Databricks Genie, Snowflake Cortex, ChatGPT/Copilot) to accelerate dataset analysis or workflow efficiency in a controlled enterprise environment.
* Experience with cloud-native data platforms (for example: Snowflake, Databricks, or Google BigQuery) and how reporting tools connect to cloud query engines.
* Experience with SQL performance tuning, data profiling, anomaly detection, and end-to-end data quality validation.
* Experience coordinating user acceptance testing across distributed user groups and supporting structured change management.
* Experience engaging vendors and running structured evaluations, proofs of concept, or request-for-information/request-for-proposal processes.

**ABOUT US**  
  
  

JPMorganChase, one of the oldest financial institutions, offers innovative financial solutions to millions of consumers, small businesses and many of the world's most prominent corporate, institutional and government clients under the J.P. Morgan and Chase brands. Our history spans over 200 years and today we are a leader in investment banking, consumer and small business banking, commercial banking, financial transaction processing and asset management.  
  
We recognize that our people are our strength and the diverse talents they bring to our global workforce are directly linked to our success. We are an equal opportunity employer and place a high value on diversity and inclusion at our company. We do not discriminate on the basis of any protected attribute, including race, religion, color, national origin, gender, sexual orientation, gender identity, gender expression, age, marital or veteran status, pregnancy or disability, or any other basis protected under applicable law. We also make reasonable accommodations for applicants' and employees' religious practices and beliefs, as well as mental health or physical disability needs. Visit our FAQs for more information about requesting an accommodation.

  
  
**ABOUT THE TEAM**
  
  
J.P. Morgan's Commercial & Investment Bank is a global leader across banking, markets, securities services and payments. Corporations, governments and institutions throughout the world entrust us with their business in more than 100 countries. The Commercial & Investment Bank provides strategic advice, raises capital, manages risk and extends liquidity in markets around the world."
https://www.linkedin.com/search/results/content/?keywords=%22Associate%20Product%20Manager%22%20TransUnion%20hiring&sortBy=%22date_posted%22,,,TransUnion,Mid-Level,"TN, IN",,DM,,,85,Fresh,q_apm_01,0-2y,False,"TransUnion's Job Applicant Privacy Notice

**Team Overview**

What: we drive credit risk solution delivery as technical product managers
  
  
How: we deliver new products to market, enhance existing products, modernize our platforms and products, and innovate new technical solutions for customers
  
  
Who: Technical product mangement leader will be Carla Leatherman&#xa;&#xa;This is a hybrid position and involves regular performance of job responsibilities virtually as well as in-person at an assigned TU office location for a minimum of two days a week.  
  

**Role Overview And Core Responsibilities**

**Overview**

We are seeking a Technical Product Manager, Advisor to own technical delivery and application outcomes for a major product area or program workstream. You will translate strategy into a feasible 2–3 PI roadmap and lead multiple teams through design, build, testing, release, adoption, and continuous improvement.

  
  

This role may support real-time products and partners with Solutions, Data Science, Analytics, Compliance, Engineering, and Operations to deliver scalable credit risk solutions.

  
  

Success requires technical fluency, concise communication, independent judgment, and influence across a complex matrix. The TPM Advisor aligns partners, manages dependencies, and escalates issues with clear options and trade-offs.

  
  

**Why the role exists:** Turn product strategy into coordinated technical delivery for complex, multi-team initiatives, specifically for our online credit risk products.

**Outcomes it drives:** Predictable delivery, scalable and compliant solutions, stronger adoption, reliability, customer value, and growth.

**What the person owns:** The roadmap, priorities, dependencies, risks, cross-functional decisions, release readiness, launch, and continuous improvement for online credit risk products.

  
  

**Required Knowledge And Experiences**

### **Core Responsibilities**

**Workstream Strategy & Delivery Leadership**

* Translate strategy into a feasible, KPI-aligned roadmap for a major workstream across multiple teams and 2–3 PIs.
* Own priorities, sequencing, capacity assumptions, delivery waterlines, dependencies, and readiness criteria.
* Lead strategic Alternative Credit initiatives, including Alternative Data, Blended Scores, integrations, compliance, modernization, and customer onboarding.
* Resolve competing priorities using customer value, impact, risk, feasibility, urgency, and opportunity cost.
* Maintain predictable delivery by surfacing trade-offs and driving timely corrective action.

**Cross Functional Program Leadership**

* Lead complex delivery across Solutions, Engineering, Data Science, Analytics, Compliance, Operations, Architecture, Customer Success, and support teams.
* Turn roadmap commitments into outcome-based plans with clear milestones, owners, forecasts, dependencies, and success measures.
* Manage cross-team risks, impediments, and decisions; escalate with clear options, impacts, and recommendations.
* Establish planning, forecasting, risk-review, and KPI cadences that improve transparency and accountability.
* Provide stakeholders clear visibility into delivery health, changes, and corrective actions.

**Product Development Lifecycle Ownership**

* Own delivery from discovery and commitment through launch, adoption, and iteration.
* Maintain traceability across outcomes, roadmap commitments, requirements, delivery plans, releases, and results.
* Re-plan using customer feedback, KPIs, regulatory changes, risk, capacity, and readiness.
* Lead discovery, requirements, and solution trade-offs for complex, high-visibility initiatives.
* Ensure regulatory, model-governance, audit, data-quality, operational, and customer requirements are met.

**Quality, Risk & Operational Readiness**

* Lead workstream-level delivery, technical, operational, security, compliance, regulatory, and customer risk management.
* Maintain mitigation plans, escalation paths, release gates, readiness reviews, and clear accountability across teams.
* Balance timeline, scope, quality, technical debt, and operational risk in delivery recommendations.
* Partner with engineering to monitor reliability, defects, stability, and post-launch outcomes.
* Use root-cause analysis and lessons learned to reduce recurring issues and rework.

**Technical Expectations**

The Technical Product Manager understands application architecture, data flows, integration patterns, cloud constraints, and operational considerations well enough to guide delivery decisions with engineering.

* Partner with engineering and architecture on application design, implementation, testing, documentation, and operational readiness.
* Guide data-processing and integration decisions involving data movement, performance, resilience, debugging, and environment readiness.
* Partner with Data Science and Analytics to productionize models, features, score workflows, monitoring, and performance measures.
* Balance customer value, compliance, reliability, scalability, time to value, and technical debt.
* Communicate requirements, decisions, risks, trade-offs, and status clearly to technical teams and leaders.

**Leadership Expectations**

Lead through influence and ambiguity, align teams on priorities and trade-offs, and operate independently while strengthening delivery practices and outcomes.

* Set clear workstream priorities and delivery guardrails while empowering teams to execute.
* Build commitment through evidence, transparency, and clear trade-offs.
* Influence stakeholders without direct authority and maintain alignment through change.
* Coach junior TPMs and partner teams on planning, execution, risk, and accountability.

**Qualifications**

* Typically 8+ years in technical product management, application development, engineering, systems analysis, or data-processing delivery, including ownership of a major workstream across multiple teams.
* Bachelor’s degree required; financial services, insurance, or banking experience preferred.
* Experience with Agile/Scrum or SAFe delivery from requirements through post-launch adoption.
* Proven ability to translate strategy into a KPI-aligned 2–3 PI roadmap with priorities, capacity, waterlines, dependencies, and trade-offs.
* Demonstrated ownership of multi-team execution, credible forecasts, cross-functional decisions, and corrective action.
* Experience leading risk, quality, release, and operational readiness, including evidence-based escalation and post-launch improvement.
* Strong technical partnership skills across application design, data processing, integrations, cloud platforms, performance, resiliency, and operational readiness.
* Clear written and verbal communication for business, technical, and senior leadership audiences.
* Ability to influence without authority and strengthen the practices of junior TPMs and partner teams.
* **Preferred:** Experience with credit risk, consumer reporting, FCRA, model governance, alternative data, scores or predictive models, cloud modernization, and GCP or AWS in an online environment; SAFe PO/PM or related certification.

**Expectations in the First 90 Days**

* Learn the product strategy, application ecosystem, delivery model, FactorTrust platform, Alternative Data products, Blended Scores, customer use cases, and regulatory context.
* Build strong partnerships across Product, Engineering, Data Science, Analytics, Compliance, Operations, Legal, Marketing, and Customer Success.
* Assess the roadmap, delivery health, dependencies, quality controls, and operational risks; recommend an initial 2–3 PI plan.
* Establish a multi-team cadence for planning, forecasting, risk review, decisions, KPI reporting, ownership, and escalation.

**What You’ll Accomplish Beyond 90 Days**

* Independently lead discovery, solution design, delivery, testing, release, and adoption for complex initiatives.
* Own a feasible, KPI-aligned roadmap and delivery waterline across multiple teams and 2–3 PIs.
* Drive Alternative Credit and FactorTrust initiatives from concept through production, including compliance and modernization work.
* Lead quality, risk, release, and operational readiness; identify exposure early and drive mitigation.
* Deliver measurable improvements in customer value, adoption, reliability, compliance, efficiency, and growth.
* Introduce reusable planning, forecasting, governance, and readiness practices
  

  

**TransUnion Overview:**

At TransUnion, we encourage and are committed to creating a real, positive impact and shared sense of purpose within our **Workforce for Good** , which empowers our people to grow, innovate and contribute to a better future for our communities and customers. We strive to build an environment where our associates are in the driver’s seat of their professional development— while having access to help along the way. We recognize that success comes when our associates thrive both professionally and personally; that’s why we prioritize work/life flexibility and offer resources for our teams across the globe to collaborate and drive excellence.

  

Be a part of our **Workforce for Good** – you’ll work with great people, pioneering products and cutting-edge technology.

  
  

TransUnion Job Title

  
  
  
Advisor, Product Management"
https://www.linkedin.com/search/results/content/?keywords=%22Associate%20Product%20Manager%22%20TransUnion%20hiring&sortBy=%22date_posted%22,,,TransUnion,Mid-Level,"TN, IN",,DM,,,85,Fresh,q_apm_01,0-2y,False,"TransUnion's Job Applicant Privacy Notice

**Team Overview**

Overview
  
We are seeking a Technical Product Manager, Senior Advisor to own strategy, investment, delivery, and outcomes for a full product line or large platform domain. This leader sets multi-year direction, converts trends and risks into funded roadmaps, coordinates delivery across organizations, and drives improvements in customer value, quality, scalability, resilience, and efficiency.
  
  
This role may serve as the Technical Product Manager for our batch delivered products. The TPM partners with Solutions, Data Science, Analytics, Compliance, Engineering, and Operations teams to deliver scalable credit risk solutions that support lenders, consumers, and enterprise customers.
  
  
Success requires strategic judgment, technical fluency, and influence in a complex matrix. The TPM Senior Advisor aligns Director-level stakeholders, coaches managers and senior individual contributors, and frames decisions with clear options, risks, and recommendations.
  
  
Why the role exists: Turn product strategy into coordinated technical delivery for complex, multi-team initiatives, specifically for our batch credit risk products.
  
  
Outcomes it drives: Predictable delivery, scalable and compliant solutions, stronger adoption, reliability, customer value, and growth.
  
  
What the person owns: The roadmap, priorities, dependencies, risks, cross-functional decisions, release readiness, launch, and continuous improvement for batch credit risk products.&#xa;&#xa;This is a hybrid position and involves regular performance of job responsibilities virtually as well as in-person at an assigned TU office location for a minimum of two days a week.  
  

**Role Overview And Core Responsibilities**

**Core Responsibilities**

**Product Line Strategy & Complex Delivery Leadership**

* Set integrated, multi-year direction for a product line or platform, balancing demand, capacity, funding, dependencies, and outcomes.
* Own a capacity-constrained roadmap with clear waterlines, sequencing, KPIs, investment choices, and readiness criteria.
* Resolve cross-organizational priorities using value, impact, risk, urgency, feasibility, and opportunity cost.
* Create planning mechanisms that improve transparency, predictability, investment allocation, and value realization.

**Cross Functional Program Leadership**

* Lead complex delivery across Solutions, Engineering, Data Science, Analytics, Compliance, Operations, Architecture, Customer Success, and support teams.
* Turn roadmap commitments into outcome-based plans with clear milestones, owners, forecasts, dependencies, and success measures.
* Remove structural blockers and maintain senior stakeholder alignment through ambiguity and change.
* Establish reusable governance, operating models, and KPI-based cadences that improve delivery performance.
* Provide leaders clear visibility into delivery health, risks, forecasts, decisions, and corrective actions.

**Product Development Lifecycle Ownership**

* Own delivery from strategy and commitment through launch, adoption, modernization, and retirement.
* Maintain traceability across outcomes, roadmap commitments, requirements, delivery plans, releases, and results.
* Re-plan using customer feedback, KPIs, market and regulatory changes, risk, capacity, and readiness.
* Lead discovery and solution shaping, aligning teams on outcomes, architecture, trade-offs, and sequencing.
* Enforce readiness, completion, quality, approval, and release standards.
* Use retrospectives and root-cause analysis to reduce rework and recurring delivery friction.

**Quality, Risk & Operational Readiness**

* Anticipate systemic delivery, technical, operational, security, compliance, regulatory, and customer risks.
* Establish risk, quality, and readiness mechanisms, including mitigation plans, escalation paths, release gates, and readiness reviews.
* Use data-driven risk assessments to influence architecture, investment, operating, and delivery decisions.
* Partner with engineering to monitor reliability, defects, technical debt, stability, and post-launch outcomes.
* Drive improvements that reduce recurring exposure, incidents, rework, and customer impact.

**Technical Expectations**

The Technical Product Manager understands distributed systems, cloud scaling, data flows, integration patterns, and platform constraints well enough to guide architecture and connect modernization to business strategy.

* Partner with architecture and engineering leaders on target-state design, modernization, and reusable platform capabilities.
* Guide decisions on cloud scale, resilience, performance, data processing, integrations, and migration sequencing.
* Balance customer value, security, compliance, reliability, time to value, and total cost of ownership.
* Ensure coherent data flows, APIs, events, batch processes, and integration patterns.
* Use technical and operational measures to steer investment and communicate trade-offs to senior stakeholders.
* Promote simplification, automation, observability, reusable patterns, and legacy retirement.

**Leadership Expectations**

Leads through influence and ambiguity, coaches managers and senior individual contributors, and aligns Director-level stakeholders on direction, investment, trade-offs, and accountability.

* Set clear strategic and architectural guardrails while empowering teams to decide and deliver.
* Coach leaders on product and systems thinking, prioritization, influence, risk, and outcomes.
* Build commitment through evidence, transparency, and clear trade-offs.
* Maintain trust, momentum, and outcome focus through significant change.
  

  

**Required Knowledge And Experiences**

**Qualifications**

* Typically 10+ years in technical product management, engineering, architecture, systems analysis, data platforms, or related roles.
* Experience in financial services, insurance, or banking; bachelor’s degree required.
* Proven ownership of a product line or large platform, including multi-year strategy, funded roadmaps, and measurable outcomes.
* Success leading complex cross-organizational delivery and senior stakeholder alignment through change.
* Strong executive communication and decision framing.
* Ability to guide decisions involving distributed systems, cloud scaling, data flows, integrations, resilience, and modernization.
* Experience using KPIs to identify bottlenecks and improve technology, processes, and operating models.
* Experience with data-intensive financial products, credit risk, consumer reporting, scorecards, predictive models, or alternative data.
* **Preferred:** FCRA and model-governance knowledge; multi-source data products; SAFe PO/PM or related certification; GCP or AWS; credit data, scores, or attributes; lending or financial-decisioning platforms; and legacy-to-cloud modernization.

**Expectations in the First 90 Days**

* Build a clear view of product strategy, customers, economics, architecture, operations, obligations, commitments, and risks.
* Establish decision paths with senior business and technology partners.
* Assess the roadmap, funding, KPIs, delivery health, modernization path, dependencies, and key bottlenecks.
* Confirm near-term priorities and outline the multi-year direction and improvement agenda.

**What You’ll Accomplish Beyond 90 Days**

* Own a funded multi-year roadmap with clear investments, outcomes, dependencies, and measures.
* Lead cross-organizational delivery aligned to architecture, sequencing, risk, readiness, and business outcomes.
* Run a KPI-based rhythm that surfaces bottlenecks, drives accountability, and produces structural improvements.
* Advance platform modernization with architecture and engineering leaders.
* Influence Director-level stakeholders and coach managers and senior individual contributors.
* Improve customer value, adoption, delivery flow, reliability, compliance, efficiency, and total cost of ownership.
  

  

**TransUnion Overview:**

At TransUnion, we encourage and are committed to creating a real, positive impact and shared sense of purpose within our **Workforce for Good** , which empowers our people to grow, innovate and contribute to a better future for our communities and customers. We strive to build an environment where our associates are in the driver’s seat of their professional development— while having access to help along the way. We recognize that success comes when our associates thrive both professionally and personally; that’s why we prioritize work/life flexibility and offer resources for our teams across the globe to collaborate and drive excellence.

  

Be a part of our **Workforce for Good** – you’ll work with great people, pioneering products and cutting-edge technology.

  
  

TransUnion Job Title

  
  
  
Sr Advisor, Product Management"
https://www.linkedin.com/search/results/content/?keywords=%22Associate%20Product%20Manager%22%20Arup%20hiring&sortBy=%22date_posted%22,,,Arup,Mid-Level,"TS, IN",,DM,,,85,Fresh,q_apm_01,0-2y,False,"Product Management

UKIMEA Region



HYD00003A Requisition #

**Joining Arup**

Arup is an UK-headquartered independent firm with 92 offices in 34 countries and 18,000+ staff across the globe. Dedicated to sustainable development, Arup is a collective of engineers, designers, consultants, and experts worldwide. Founded to be humane and excellent, we collaborate with our clients and partners using imagination, technology, and rigour to shape a better world.

Working for Arup India, offers the chance to work on exciting projects with a truly collaborative team including top experts in their field who are approachable and always happy to help. It's an exciting time to be a part our growth in India.

**The Opportunity**

Arup Digital Products (ADP) are seeking a Product Manager to lead the strategy, development and delivery of AI and Machine Learning capabilities across Arup’s engineering simulation software portfolio. This role will focus on identifying, scoping and delivering high-value AI/ML features that enhance engineering productivity, accelerate simulation workflows and unlock new insights from simulation data.

This is an opportunity to own the product vision and roadmap for AI/ML functionality end to end, working at the intersection of data science, simulation engineering and software product development. You will collaborate with product, engineering and data science teams in India and the UK, as well as customers worldwide, to embed practical AI/ML capabilities into established CAE workflows used by automotive and aerospace customers.

At Arup, you belong to an extraordinary collective – in which we encourage individuality to thrive. Our strength comes from how we respect, share and connect our diverse experiences, perspectives and ideas.

You will have the opportunity do socially useful work that has meaning – to Arup, to your career, to our members and to the clients and communities we serve.

  

**Is this role right for you?**

We are looking for:

* Demonstrable experience owning and delivering software products across the full product lifecycle, including discovery, delivery and launch.
* Experience working with AI/ML technologies in a product context, with a strong conceptual understanding of techniques, data requirements, evaluation, validation and practical deployment considerations.
* The ability to translate complex technical and CAE workflow requirements into clear user stories, acceptance criteria and value-led product narratives.
* Hands-on experience with agile development methodologies, cross-functional delivery teams and evidence-based prioritisation.
* Strong communication and stakeholder management skills, with the ability to influence technical and non-technical audiences, senior stakeholders and international customers.
  

**Reward and Benefits**

We offer a competitive salary at all levels, and one of the best benefits packages in our sector. Core benefits include Provident Fund contribution, NPS option, Mediclaim cover (incl. family), Term Life and Accident Insurance, Employee Assistance Prog. scheme for the family to safeguard your physical and mental wellbeing. In addition, all permanent employees are eligible for the Global Profit Share scheme. Subject to scheme rules employees can receive two Profit Share payments per year, which are dependent on the firm’s financial performance.

  

**Different people, shared values**

At Arup, we believe when talented people collaborate, great things are possible. Arup hires people with proven skills and open minds. We are taking deliberate action to create an inclusive culture that is grounded in our purpose to shape a better world.

At Arup, we welcome candidates from all backgrounds, regardless of age, disability, gender, gender identity, gender expression, race, religion or belief, sexual orientation, socioeconomic background, and any other protected characteristic. Our internal employee networks - BAME, Culture, Disability, LGBTQ+ and Women - provide a space for you to express your views and to make a positive difference - discover more about life at Arup here.

At Arup, we are committed to making all stages of our recruitment process accessible to candidates with disabilities. Please speak to our recruitment team and we will work with you to make reasonable adjustments to ensure you can perform at your best throughout your application.

At Arup, we appreciate that everyone’s circumstances are different and having the freedom to flex the way we work is essential to our wellbeing. If flexibility matters to you let us know when you apply, and we will discuss how this could work in your role.

**What happens next?**

If this could be the next step in your journey, please apply online. All applications will be considered, and we will try our very best to respond to you within 72 hours of receiving your application.

Stay safe online - Arup will never ask for payment or your bank details as part of our recruitment process.

#LI-DNI"
https://www.linkedin.com/search/results/content/?keywords=%22Associate%20Product%20Manager%22%20nan%20hiring&sortBy=%22date_posted%22,,,nan,Mid-Level,"KA, IN",TalentAcquisitionIndia@revantage.com,email,,,85,Fresh,q_apm_01,0-2y,True,"**Position Overview**  
  
The **Experienced Product Owner** is an experienced, functionally deep Workday professional who owns one or more Workday modules end-to-end on behalf of Revantage and its PortCos. This is not a passive coordination role — it is an active, hands-on domain mastery role. You are the subject-matter expert, the decision-maker, the stakeholder champion, and the product strategist for your assigned module(s). You will work across a complex multi-PortCo environment, running user forums, managing the release roadmap, driving adoption, and continuously finding ways to extract more value from the platform. This role focuses on the **Total Rewards: Compensation & Advance Compensation** Module. Additional module expertise is a plus.
  
  
**Key Responsibilities**  
  
**Domain Ownership & Functional Mastery**

  

* Own your assigned Workday module(s): **Compensation & Advance Compensation** end-to-end — from strategy and design through configuration, testing, deployment, and ongoing optimization.
* Develop and maintain deep functional expertise in your domain(s), staying current with Workday product updates, roadmap changes, and community best practices.
* Serve as the primary point of contact and escalation resource for your module area across all PortCos.
* Maintain comprehensive knowledge of how your module(s) interact with upstream and downstream systems and processes — and design solutions with those dependencies in mind.
* Think beyond Workday: identify complementary or supplementary technologies that could enhance capability in your domain — whether that is AI-powered tools, third-party integrations, or adjacent platforms.

**PortCo Engagement & Stakeholder Management**

  

* Build and maintain strong relationships with HR leaders, operations teams, and business stakeholders across multiple PortCos.
* Act as a trusted advisor — understanding each PortCo's unique workforce model, business context, and HR priorities.
* Run structured Product Owner forums, working groups, and user communities to surface requirements, share updates, and drive alignment.
* Manage competing priorities across PortCos with transparency — communicating trade-offs, timelines, and decisions clearly to all stakeholders.
* Facilitate requirements workshops and design sessions, translating business needs into clear, actionable Workday solutions.

**Roadmap & Release Ownership**

  

* Own and maintain the product roadmap for your module(s) — balancing strategic enhancements, PortCo-driven requirements, bug fixes, and Workday release adoption.
* Evaluate every Workday bi-annual release for impact and opportunity within your domain — leading opt-in decisions, testing, and rollout planning.
* Prioritize the backlog in collaboration with stakeholders, the Functional Architect, and People Technology leadership.
* Ensure all enhancements are delivered with appropriate change management, training, and communications to end users and HR teams.
* Track and report on the delivery and benefit realization of roadmap initiatives.

**Hands-On Delivery**

  

* Remain hands-on with Workday configuration in your module area — able to configure, test, validate and deploy.
* Lead user acceptance testing (UAT) for enhancements and releases within your domain.
* Create design documents, configuration specifications, and test plans before deployment.
* Own day-to-day delivery.

**Ecosystem & Innovation Thinking**

  

* Continuously evaluate the HR technology landscape for innovations relevant to your module area — e.g., AI in recruiting, manager effectiveness tools, payroll analytics.
* Propose and build the business case for technology enhancements or new tool adoption where Workday alone does not fully meet business needs.
* Collaborate with vendors (Workday, Paradox, HiredScore, Peakon, etc.) to stay ahead of product developments and advocate for Revantage's priorities.

**Required Qualifications**

  

* 5+ years of Workday functional experience with deep, hands-on expertise in at least two Workday modules.
* Demonstrated experience owning a Workday module in a production environment — including enhancements, releases, stakeholder management, and roadmap ownership.
* Nice to have experience working in a multi-entity, multi-PortCo, or shared-services HR technology model.
* Strong understanding of Workday business process configuration, security roles, reporting, and calculated fields.
* Proven ability to engage and influence senior HR stakeholders without direct authority.
* Experience running forums, steering committees, or user communities across a distributed stakeholder base.
* Global Workday implementation or support experience — able to navigate multi-jurisdiction complexity.
* Excellent written and verbal communication skills — able to translate technical concepts for business audiences and vice versa.

**Module-specific Experience (by Role): Compensation & Advanced Compensation**  
  
Salary structures, merit and bonus planning, compensation cycles, and global pay practices — configuration and operational support.

* **Compensation Structures:** Grade profiles, salary ranges, pay bands, compensation plans (salary, hourly, allowance), and eligibility rules.
* **Merit & Bonus Planning:** Merit matrices, bonus plan configuration, target amounts, proration rules, and manager worksheet setup.
* **Compensation Cycles:** Annual and off-cycle review configuration, approval routing, budget pools, and cycle administration.
* **Advanced Compensation:** Long-term incentive plans, equity award management, one-time payments, and complex plan eligibility.
* **Global Pay Practices:** Multi-currency compensation, country-specific allowances, cost-of-living adjustments, and grade localization.
* **Integrations & Reporting:** Payroll input mapping, compensation statement generation, comp data audits, and Prism-ready pay analytics

**Preferred Qualifications**

  

* Workday Pro certification in one or more relevant modules.
* Experience with third-party HR technology integrations and vendor management.
* Exposure to change management methodologies and communication planning.
* Prior experience in private equity, financial services, or multi-company real estate environments.
* Familiarity with Agile or product management frameworks (backlog management, sprint planning, road mapping tools).

**About Revantage**  
  
Revantage is a Blackstone portfolio company and a leading provider of corporate services across Blackstone's Real Estate portfolio. Headquartered in Chicago, Revantage supports a diverse and complex ecosystem of portfolio companies (PortCos) spanning residential, commercial, logistics, hospitality, and life-sciences real estate globally — across North America, Europe, and Asia-Pacific.  
  
Our People Technology team sits at the centre of this multi-entity, multi-jurisdictional operating model. We run a single Workday tenant that serves a federated landscape of PortCos, each with its own workforce, HR policies, compensation structures, payroll requirements, and compliance obligations. This complexity demands technology professionals who thrive in ambiguity, operate with an enterprise mindset, and can design solutions that scale across legal entities, geographies, and business models.

*Job Applicant Privacy Notice*

***EEO Statement***

*The Company is an equal opportunity employer. In accordance with applicable law, we prohibit discrimination against any applicant, employee, or other covered person based on any legally recognized basis, including, but not limited to: veteran status, uniformed servicemember status, race, color, caste, immigration status, religion, religious creed (including religious dress and grooming practices), sex, gender, gender expression, gender identity, marital status, sexual orientation, pregnancy (including childbirth, lactation or related medical conditions), age, national origin or ancestry, citizenship, physical or mental disability, genetic information (including testing and characteristics), protected leave status, domestic violence victim status, or any other consideration protected by federal, state or local law. We are committed to providing reasonable accommodations, if you need an accommodation to complete the application process, please email* *TalentAcquisitionIndia@revantage.com*"
https://www.linkedin.com/search/results/content/?keywords=%22Associate%20Product%20Manager%22%20nan%20hiring&sortBy=%22date_posted%22,,,nan,Mid-Level,"KA, IN",TalentAcquisitionIndia@revantage.com,email,,,85,Fresh,q_apm_01,0-2y,True,"**Position Overview**  
  
The **Experienced Product Owner** is an experienced, functionally deep Workday professional who owns one or more Workday modules end-to-end on behalf of Revantage and its PortCos. This is not a passive coordination role — it is an active, hands-on domain mastery role. You are the subject-matter expert, the decision-maker, the stakeholder champion, and the product strategist for your assigned module(s). You will work across a complex multi-PortCo environment, running user forums, managing the release roadmap, driving adoption, and continuously finding ways to extract more value from the platform. This role focuses on the **Time Tracking & Absence Management** Module. Additional module expertise is a plus.
  
  
**Key Responsibilities**  
  
**Domain Ownership & Functional Mastery**

  

* Own your assigned Workday module(s): **Time Tracking & Absence Management** end-to-end — from strategy and design through configuration, testing, deployment, and ongoing optimization.
* Develop and maintain deep functional expertise in your domain(s), staying current with Workday product updates, roadmap changes, and community best practices.
* Serve as the primary point of contact and escalation resource for your module area across all PortCos.
* Maintain comprehensive knowledge of how your module(s) interact with upstream and downstream systems and processes — and design solutions with those dependencies in mind.
* Think beyond Workday: identify complementary or supplementary technologies that could enhance capability in your domain — whether that is AI-powered tools, third-party integrations, or adjacent platforms.

**PortCo Engagement & Stakeholder Management**

  

* Build and maintain strong relationships with HR leaders, operations teams, and business stakeholders across multiple PortCos.
* Act as a trusted advisor — understanding each PortCo's unique workforce model, business context, and HR priorities.
* Run structured Product Owner forums, working groups, and user communities to surface requirements, share updates, and drive alignment.
* Manage competing priorities across PortCos with transparency — communicating trade-offs, timelines, and decisions clearly to all stakeholders.
* Facilitate requirements workshops and design sessions, translating business needs into clear, actionable Workday solutions.

**Roadmap & Release Ownership**

  

* Own and maintain the product roadmap for your module(s) — balancing strategic enhancements, PortCo-driven requirements, bug fixes, and Workday release adoption.
* Evaluate every Workday bi-annual release for impact and opportunity within your domain — leading opt-in decisions, testing, and rollout planning.
* Prioritize the backlog in collaboration with stakeholders, the Functional Architect, and People Technology leadership.
* Ensure all enhancements are delivered with appropriate change management, training, and communications to end users and HR teams.
* Track and report on the delivery and benefit realization of roadmap initiatives.

**Hands-On Delivery**

  

* Remain hands-on with Workday configuration in your module area — able to configure, test, validate and deploy.
* Lead user acceptance testing (UAT) for enhancements and releases within your domain.
* Create design documents, configuration specifications, and test plans before deployment.
* Own day-to-day delivery.

**Ecosystem & Innovation Thinking**

  

* Continuously evaluate the HR technology landscape for innovations relevant to your module area — e.g., AI in recruiting, manager effectiveness tools, payroll analytics.
* Propose and build the business case for technology enhancements or new tool adoption where Workday alone does not fully meet business needs.
* Collaborate with vendors (Workday, Paradox, HiredScore, Peakon, etc.) to stay ahead of product developments and advocate for Revantage's priorities.

**Required Qualifications**

  

* 5+ years of Workday functional experience with deep, hands-on expertise in at least two Workday modules.
* Demonstrated experience owning a Workday module in a production environment — including enhancements, releases, stakeholder management, and roadmap ownership.
* Nice to have experience working in a multi-entity, multi-PortCo, or shared-services HR technology model.
* Strong understanding of Workday business process configuration, security roles, reporting, and calculated fields.
* Proven ability to engage and influence senior HR stakeholders without direct authority.
* Experience running forums, steering committees, or user communities across a distributed stakeholder base.
* Global Workday implementation or support experience — able to navigate multi-jurisdiction complexity.
* Excellent written and verbal communication skills — able to translate technical concepts for business audiences and vice versa.

**Module-specific Experience (by Role): Time & Absence**  
  
Time tracking, leave management, scheduling, and absence compliance — configuration and operational support.

* **Time Tracking:** Time entry methods (web clock, mobile, elapsed vs. in/out), time entry templates, calculation rules, overtime, and manager approval workflows.
* **Absence Management:** Leave type configuration (PTO, sick, parental, unpaid), accrual plans, carryover/payout rules, eligibility conditions, and balance adjustments.
* **Compliance:** Country-specific leave entitlements, statutory mandates (FMLA, local requirements), and leave of absence business processes.

**Preferred Qualifications**

  

* Workday Pro certification in one or more relevant modules.
* Experience with third-party HR technology integrations and vendor management.
* Exposure to change management methodologies and communication planning.
* Prior experience in private equity, financial services, or multi-company real estate environments.
* Familiarity with Agile or product management frameworks (backlog management, sprint planning, road mapping tools).

**About Revantage**  
  
Revantage is a Blackstone portfolio company and a leading provider of corporate services across Blackstone's Real Estate portfolio. Headquartered in Chicago, Revantage supports a diverse and complex ecosystem of portfolio companies (PortCos) spanning residential, commercial, logistics, hospitality, and life-sciences real estate globally — across North America, Europe, and Asia-Pacific.  
  
Our People Technology team sits at the centre of this multi-entity, multi-jurisdictional operating model. We run a single Workday tenant that serves a federated landscape of PortCos, each with its own workforce, HR policies, compensation structures, payroll requirements, and compliance obligations. This complexity demands technology professionals who thrive in ambiguity, operate with an enterprise mindset, and can design solutions that scale across legal entities, geographies, and business models.

*Job Applicant Privacy Notice*

***EEO Statement***

*The Company is an equal opportunity employer. In accordance with applicable law, we prohibit discrimination against any applicant, employee, or other covered person based on any legally recognized basis, including, but not limited to: veteran status, uniformed servicemember status, race, color, caste, immigration status, religion, religious creed (including religious dress and grooming practices), sex, gender, gender expression, gender identity, marital status, sexual orientation, pregnancy (including childbirth, lactation or related medical conditions), age, national origin or ancestry, citizenship, physical or mental disability, genetic information (including testing and characteristics), protected leave status, domestic violence victim status, or any other consideration protected by federal, state or local law. We are committed to providing reasonable accommodations, if you need an accommodation to complete the application process, please email* *TalentAcquisitionIndia@revantage.com*"
https://www.linkedin.com/search/results/content/?keywords=%22Associate%20Product%20Manager%22%20LSEG%20%28London%20Stock%20Exchange%20Group%29%20hiring&sortBy=%22date_posted%22,,,LSEG (London Stock Exchange Group),Mid-Level,"KA, IN",,DM,,,85,Fresh,q_apm_01,0-2y,False,"**ROLE SUMMARY:**

As the Technical Product Owner you will need to be technically strong and product-minded as you will be leading the development and evolution of our Content Sourcing Systems!

You will be responsible for defining platform capabilities that enable secure, scalable, and efficient collection of all non-realtime data for LSEG Data and Analytics.

You’ll be joining our Data Platforms Sourcing Engineering team as a Senior Technical Product Owner. This team’s products are the tools used by Content Operations and Data Scientists to find, retrieve, check, validate and transform all the data behind LSEG’s provision of financial market data to over 40,000 customers.

You will work with customers across LSEG to define new tools and capabilities that consolidate, modernise and grow D&A’s data collection.

By building trust with partners, managing expectations transparently, and ensuring alignment across teams, you will build solutions that provide measurable business value. Success will be measured not only by delivery, but also by adoption, customer satisfaction, and time-to-value.

  

**Key responsibilities will include:**

* Defining, prioritizing, and delivering desirable, feasible, viable, and secure Sourcing products.

* Creating the product vision/roadmap, managing the program backlog, identifying customer needs, and aligning ART efforts with business strategy.

* Articulating the roadmap, value decisions and trade-offs, and priorities to customers across the organisation, including senior leaders and non-technical staff.

* Drive PI planning to ensure teams are aligned on outcomes, dependencies and integration

  

**WHAT YOU'LL BE DOING:**

**Platform Ownership:** Own and evolve the product vision, roadmap, and strategy for Sourcing Engineering and its core capabilities, acting as the interface between the business stakeholders and development teams.

**Product Backlog & Outcome:** Own and communicate a product backlog of epics and features, leading trade-off decisions to balance customer needs, architectural integrity, and business value.

**Capability Development:** Define and deliver new platform features to support self-service teams to meet their goals of agility and flexibility in the creation and delivery of data products.

**Strategic Road mapping:** Collaborate with engineering, operations and data strategy leadership to shape the long-term platform strategy based on customer insights, emerging technologies, and enterprise needs.

**Modern Product Practices:** Together with System Architect and Release Train Engineer, lead large-scale agile delivery (SAFe), manage cross-team coordination, and ensure transparency across stakeholders.

**Developer Enablement:** Champion design thinking and user journey clarity to ensure features address real user needs; attend demos and provide approval when deliverables meet business needs.

**Agile Ceremony Cadence:** Drive ART readiness for PI Planning by coordinating across interested parties including, Product Owners, technology, and Business Owners to align scope and objectives.

**Cross ART Collaboration:** Work with other ARTs to set product goals and roadmap; promote shared accountability across functions & streams and proactively calling out blockers & risks to ensure a “no-surprises” environment.

**Innovation, Security & Compliance:** Champion new technologies and processes, balanced against the need to maintain rigorous security controls, and compliance with applicable regulations and laws.

  

**WHAT YOU'LL BRING:**

* 15+ years of professional experience in product management, product ownership, and data or platform engineering or a related field.

* Proven ability to communicate succinctly with functional teams, partners of all levels and leadership.

* Product ownership experience working with Scrum teams, attending scrum ceremonies, owning the scrum team backlog.

* Ability to elicit requirements from customers and articulate them as hierarchical user story format (Epics, Features, Stories).

* Financial services experience; knowledge of data used within financial services.

* Experience of Agile methodologies, ideally with a certification (SAFe or similar).

* Computer Science, Engineering, or a related STEM education.

* Preferred Skills

* Hands-On JIRA and Confluence proficiency, familiarity with agile reporting dashboards.

* Knowledge and experience with end-to-end processes of data collection, processing, and distribution, including understanding of data operations/content operations workflows.

* Exposure to technology platforms, architecture principles, and enterprise integration patterns.

* Experience with value stream mapping, process improvement, and user journey design.

* Strong analytical approach with a focus on measurable outcomes and business value

  

**What you’ll get in return**

**High-impact projects:** We work on a variety of pioneering AI products and leverage extensive datasets to solve complex, high-value challenges.

**Competitive benefits:** You will enjoy a strong compensation package, comprehensive benefits, and ongoing investment in career growth and skill development.

**Industry leadership:** This is an opportunity to be a founding member of the organization that’s delivering brand-new products that democratize modeling and analytics solutions.

**Collaborative environment** : We provide opportunities for continuous learning and professional development in a work environment of dedicated, highly experienced teams.

  

We recognize that to attract the best talent, we need to be flexible, and we are open to discussing work arrangements with you. We take a hybrid approach to the workplace; this role is considered ‘digital first’, which requires attending the office at least one day per week while some teams and colleagues choose to collaborate in the office more frequently.
  
  
You will experience the critical role we have in helping to re-engineer the financial ecosystem to support and drive sustainable economic growth. Together, we are aiming to achieve this growth by accelerating the just transition to net zero, enabling growth of the green economy and creating inclusive economic opportunity.

  

**We're proud to have been recognised as a Great Place to Work® in India ‘25**

  

**Career Stage:**

Manager

**London Stock Exchange Group (LSEG) Information:**

Join us and be part of a team that values innovation, quality, and continuous improvement. If you're ready to take your career to the next level and make a significant impact, we'd love to hear from you.

LSEG is a leading global financial markets infrastructure and data provider. Our purpose is driving financial stability, empowering economies and enabling customers to create sustainable growth.

Our purpose is the foundation on which our culture is built. Our values of **Integrity, Partnership** , **Excellence** and **Change** underpin our purpose and set the standard for everything we do, every day. They go to the heart of who we are and guide our decision making and everyday actions.

Working with us means that you will be part of a dynamic organisation of 25,000 people across 65 countries. However, we will value your individuality and enable you to bring your true self to work so you can help enrich our diverse workforce.

We are proud to be an equal opportunities employer. This means that we do not discriminate on the basis of anyone’s race, religion, colour, national origin, gender, sexual orientation, gender identity, gender expression, age, marital status, veteran status, pregnancy or disability, or any other basis protected under applicable law. Conforming with applicable law, we can reasonably accommodate applicants' and employees' religious practices and beliefs, as well as mental health or physical disability needs.

You will be part of a collaborative and creative culture where we encourage new ideas. We are committed to sustainability across our global business and we are proud to partner with our customers to help them meet their sustainability objectives. Our charity, the LSEG Foundation provides charitable grants to community groups that help people access economic opportunities and build a secure future with financial independence. Colleagues can get involved through fundraising and volunteering.

LSEG offers a range of tailored benefits and support, including healthcare, retirement planning, paid volunteering days and wellbeing initiatives.

Please take a moment to read this privacy notice carefully, as it describes what personal information London Stock Exchange Group (LSEG) (we) may hold about you, what it’s used for, and how it’s obtained, your rights and how to contact us as a data subject .

If you are submitting as a Recruitment Agency Partner, it is essential and your responsibility to ensure that candidates applying to LSEG are aware of this privacy notice."
https://www.linkedin.com/search/results/content/?keywords=%22Associate%20Product%20Manager%22%20Amgen%20hiring&sortBy=%22date_posted%22,,,Amgen,Mid-Level,"TS, IN",,DM,,,85,Fresh,q_apm_01,0-2y,False,"India - Hyderabad

JOB ID: R-256479 LOCATION: India - Hyderabad WORK LOCATION TYPE: On Site DATE POSTED: Oct. 01, 2026 CATEGORY: Strategy and Innovation

**Join Amgen’s Mission of Serving Patients**

  
  

At Amgen, if you feel like you’re part of something bigger, it’s because you are. Our shared mission—to serve patients living with serious illnesses—drives all that we do.

Since 1980, we’ve helped pioneer the world of biotech in our fight against the world’s toughest diseases. With our focus on four therapeutic areas –Oncology, Inflammation, General Medicine, and Rare Disease– we reach millions of patients each year. As a member of the Amgen team, you’ll help make a lasting impact on the lives of patients as we research, manufacture, and deliver innovative medicines to help people live longer, fuller happier lives.

Our award-winning culture is collaborative, innovative, and science based. If you have a passion for challenges and the opportunities that lay within them, you’ll thrive as part of the Amgen team. Join us and transform the lives of patients while transforming your career.

  
  

**Digital Product Manager (AI)** The Digital Product Manager at Amgen oversees the lifecycle of digital products, working closely with various teams to define the product vision, roadmap, and growth opportunities.

  
  

**Role Overview**

We are seeking a Digital Product Manager, to join the AI & Data Innovation Lab Product Management Team. This role is focused on rapidly validating high-potential AI and data-driven business opportunities before major investment, helping Amgen determine which AI initiatives should be scaled, refined, paused, or redirected.
  
  
Operating at the intersection of business strategy, AI product innovation, data, technology, and enterprise transformation, this role will provide strategic product leadership across ambiguous, cross-functional opportunities and influence senior business and technology stakeholders on product direction, prioritization, investment, and scale.
  
  
This role requires a strong product mindset, sufficient technical depth to evaluate whether AI and data opportunities are practical, scalable, measurable, and aligned to Amgen’s enterprise technology direction. The successful candidate will understand how AI products are built, validated, deployed, monitored, and scaled in complex enterprise environments.

  
  

**What You’ll Do**

* **Design and execute rapid discovery sprints, prototypes, pilots, user research, and experiments to assess desirability,** feasibility, viability, value, and risk. Use evidence to determine whether opportunities should advance, pivot, pause, or scale.

* Identify, frame, and validate AI-enabled business opportunities across Amgen. Translate broad transformation themes into clear problem statements, testable hypotheses, user needs, data requirements, success metrics, and validation plans.

* Assess how **LLMs, AI agents, machine learning models, NLP, automation, knowledge retrieval, analytics,** and intelligent workflow tools can improve productivity, decision quality, scientific discovery, operational efficiency, and workforce effectiveness.

* Evaluate whether proposed AI opportunities have the right data foundations, system integrations, architecture patterns, model capabilities, security controls, and operational support needed to move from concept to scalable solution.

* Partner with engineering, data science, and technical teams to align on scope, tradeoffs, and execution path.

* Conduct landscape assessments across different industries to learn how AI is leveraged to solve shared problem spaces at the macro level.

* Develop product requirements that account for user experience, data availability, model performance, output quality, explainability, reliability, latency, integration needs, governance, and ongoing measurement.

* Synthesize findings from validation work into clear product recommendations, opportunity briefs, technical feasibility assessments, business cases, and executive-ready narratives. Help leaders make informed decisions about where to invest, scale, or stop.

* **Ensure validation efforts consider responsible AI, data privacy, model risk, cybersecurity, compliance, regulatory** considerations, human oversight, change management, and enterprise scalability from the earliest stages of discovery.

* **Facilitate workshops, discovery sessions, prioritization discussions, technical feasibility reviews, user experience design, process mapping, and decision forums. Communicate complex AI and data concepts in a clear, business-oriented way for senior leaders and non-technical stakeholders.**

**Basic Qualifications:**

* 8-13 years of work experience in the related field
* Doctorate; or Master’s degree and 2 years of Information Systems, Technology, Product, Digital, AI, Data, Business Transformation, or related experience; or

* Bachelor’s degree and 4 years of Information Systems, Technology, Product, Digital, AI, Data, Business Transformation, or related experience; or

* Associate’s degree and 8 years of Information Systems, Technology, Product, Digital, AI, Data, Business Transformation, or related experience; or

* High School Diploma or GED and 10 years of Information Systems, Technology, Product, Digital, AI, Data, Business Transformation, or related experience.

**Preferred Qualifications:**

* 4+ years of product management, product strategy, innovation, consulting, digital transformation, or related experience.

* 2+ years of experience with AI, machine learning, data products, automation, LLMs, agents, NLP, analytics, or enterprise AI solutions.

* Working knowledge of **AI product development**, **including discovery, prototyping, model evaluation, deployment, monitoring, and iteration.**

* Familiarity with generative AI, LLMs, retrieval-augmented generation, AI agents, prompt engineering, model orchestration, NLP, predictive analytics, or intelligent automation.

* Design thinking experience

* Ability to evaluate AI opportunities across desirability, feasibility, viability, value, risk, scalability, and data readiness.

* Experience with AI platforms, MLOps, or enterprise AI architecture.

* Familiarity with AI (e.g., LLMs, agents, NLP) and ML productization at scale.

* Strong presentation and public speaking skills with experience communicating to executives

* Familiarity with biotech workflows (e.g., lab automation, computational biology, clinical data, etc).

* Hands-on ability to analyze product usage, model output quality, or design A/B experiments.

* Comfort working in fast-paced, cross-functional environments where priorities evolve quickly.

* Strong stakeholder management skills, including the ability to build relationships and collaborate effectively across functions and levels.

* Consulting experience, with demonstrated ability to structure and solve complex business problems.

* Experience conducting cross-industry landscape assessments to identify how AI is being leveraged to address shared problem spaces and uncover macro-level trends and opportunities"
https://www.linkedin.com/search/results/content/?keywords=%22Associate%20Product%20Manager%22%20nan%20hiring&sortBy=%22date_posted%22,,,nan,Mid-Level,"KA, IN",TalentAcquisitionIndia@revantage.com,email,,,85,Fresh,q_apm_01,0-2y,True,"**Position Overview**  
  
The **Experienced Product Owner** is an experienced, functionally deep Workday professional who owns one or more Workday modules end-to-end on behalf of Revantage and its PortCos. This is not a passive coordination role — it is an active, hands-on domain mastery role. You are the subject-matter expert, the decision-maker, the stakeholder champion, and the product strategist for your assigned module(s). You will work across a complex multi-PortCo environment, running user forums, managing the release roadmap, driving adoption, and continuously finding ways to extract more value from the platform. This role focuses on the Talent & Performance Module. Additional module expertise is a plus.
  
  
**Key Responsibilities**  
  
**Domain Ownership & Functional Mastery**

  

* Own your assigned Workday module(s): Talent & Performance end-to-end — from strategy and design through configuration, testing, deployment, and ongoing optimization.
* Develop and maintain deep functional expertise in your domain(s), staying current with Workday product updates, roadmap changes, and community best practices.
* Serve as the primary point of contact and escalation resource for your module area across all PortCos.
* Maintain comprehensive knowledge of how your module(s) interact with upstream and downstream systems and processes — and design solutions with those dependencies in mind.
* Think beyond Workday: identify complementary or supplementary technologies that could enhance capability in your domain — whether that is AI-powered tools, third-party integrations, or adjacent platforms.

**PortCo Engagement & Stakeholder Management**

  

* Build and maintain strong relationships with HR leaders, operations teams, and business stakeholders across multiple PortCos.
* Act as a trusted advisor — understanding each PortCo's unique workforce model, business context, and HR priorities.
* Run structured Product Owner forums, working groups, and user communities to surface requirements, share updates, and drive alignment.
* Manage competing priorities across PortCos with transparency — communicating trade-offs, timelines, and decisions clearly to all stakeholders.
* Facilitate requirements workshops and design sessions, translating business needs into clear, actionable Workday solutions.

**Roadmap & Release Ownership**

  

* Own and maintain the product roadmap for your module(s) — balancing strategic enhancements, PortCo-driven requirements, bug fixes, and Workday release adoption.
* Evaluate every Workday bi-annual release for impact and opportunity within your domain — leading opt-in decisions, testing, and rollout planning.
* Prioritize the backlog in collaboration with stakeholders, the Functional Architect, and People Technology leadership.
* Ensure all enhancements are delivered with appropriate change management, training, and communications to end users and HR teams.
* Track and report on the delivery and benefit realization of roadmap initiatives.

**Hands-On Delivery**

  

* Remain hands-on with Workday configuration in your module area — able to configure, test, validate and deploy.
* Lead user acceptance testing (UAT) for enhancements and releases within your domain.
* Create design documents, configuration specifications, and test plans before deployment.
* Own day-to-day delivery.

**Ecosystem & Innovation Thinking**

  

* Continuously evaluate the HR technology landscape for innovations relevant to your module area — e.g., AI in recruiting, manager effectiveness tools, payroll analytics.
* Propose and build the business case for technology enhancements or new tool adoption where Workday alone does not fully meet business needs.
* Collaborate with vendors (Workday, Paradox, HiredScore, Peakon, etc.) to stay ahead of product developments and advocate for Revantage's priorities.

**Required Qualifications**

  

* 5+ years of Workday functional experience with deep, hands-on expertise in at least two Workday modules.
* Demonstrated experience owning a Workday module in a production environment — including enhancements, releases, stakeholder management, and roadmap ownership.
* Nice to have experience working in a multi-entity, multi-PortCo, or shared-services HR technology model.
* Strong understanding of Workday business process configuration, security roles, reporting, and calculated fields.
* Proven ability to engage and influence senior HR stakeholders without direct authority.
* Experience running forums, steering committees, or user communities across a distributed stakeholder base.
* Global Workday implementation or support experience — able to navigate multi-jurisdiction complexity.
* Excellent written and verbal communication skills — able to translate technical concepts for business audiences and vice versa.

**Module-specific Experience (by Role):** Talent & Learning: Performance reviews, goal management, succession planning, learning campaigns, content management, and skills framework.

**Preferred Qualifications**

  

* Workday Pro certification in one or more relevant modules.
* Experience with third-party HR technology integrations and vendor management.
* Exposure to change management methodologies and communication planning.
* Prior experience in private equity, financial services, or multi-company real estate environments.
* Familiarity with Agile or product management frameworks (backlog management, sprint planning, road mapping tools).

**About Revantage**  
  
Revantage is a Blackstone portfolio company and a leading provider of corporate services across Blackstone's Real Estate portfolio. Headquartered in Chicago, Revantage supports a diverse and complex ecosystem of portfolio companies (PortCos) spanning residential, commercial, logistics, hospitality, and life-sciences real estate globally — across North America, Europe, and Asia-Pacific.  
  
Our People Technology team sits at the centre of this multi-entity, multi-jurisdictional operating model. We run a single Workday tenant that serves a federated landscape of PortCos, each with its own workforce, HR policies, compensation structures, payroll requirements, and compliance obligations. This complexity demands technology professionals who thrive in ambiguity, operate with an enterprise mindset, and can design solutions that scale across legal entities, geographies, and business models.

*Job Applicant Privacy Notice*

***EEO Statement***

*The Company is an equal opportunity employer. In accordance with applicable law, we prohibit discrimination against any applicant, employee, or other covered person based on any legally recognized basis, including, but not limited to: veteran status, uniformed servicemember status, race, color, caste, immigration status, religion, religious creed (including religious dress and grooming practices), sex, gender, gender expression, gender identity, marital status, sexual orientation, pregnancy (including childbirth, lactation or related medical conditions), age, national origin or ancestry, citizenship, physical or mental disability, genetic information (including testing and characteristics), protected leave status, domestic violence victim status, or any other consideration protected by federal, state or local law. We are committed to providing reasonable accommodations, if you need an accommodation to complete the application process, please email* *TalentAcquisitionIndia@revantage.com*"
https://www.linkedin.com/search/results/content/?keywords=%22Associate%20Product%20Manager%22%20nan%20hiring&sortBy=%22date_posted%22,,,nan,Mid-Level,"KA, IN",TalentAcquisitionIndia@revantage.com,email,,,85,Fresh,q_apm_01,0-2y,True,"**Position Overview**  
  
The **Experienced Product Owner** is an experienced, functionally deep Workday professional who owns one or more Workday modules end-to-end on behalf of Revantage and its PortCos. This is not a passive coordination role — it is an active, hands-on domain mastery role. You are the subject-matter expert, the decision-maker, the stakeholder champion, and the product strategist for your assigned module(s). You will work across a complex multi-PortCo environment, running user forums, managing the release roadmap, driving adoption, and continuously finding ways to extract more value from the platform. This role focuses on the **US Payroll & Benefits** Module. Additional module expertise is a plus.
  
  
**Key Responsibilities**  
  
**Domain Ownership & Functional Mastery**

  

* Own your assigned Workday module(s): **US Payroll & Benefits** end-to-end — from strategy and design through configuration, testing, deployment, and ongoing optimization.
* Develop and maintain deep functional expertise in your domain(s), staying current with Workday product updates, roadmap changes, and community best practices.
* Serve as the primary point of contact and escalation resource for your module area across all PortCos.
* Maintain comprehensive knowledge of how your module(s) interact with upstream and downstream systems and processes — and design solutions with those dependencies in mind.
* Think beyond Workday: identify complementary or supplementary technologies that could enhance capability in your domain — whether that is AI-powered tools, third-party integrations, or adjacent platforms.

**PortCo Engagement & Stakeholder Management**

  

* Build and maintain strong relationships with HR leaders, operations teams, and business stakeholders across multiple PortCos.
* Act as a trusted advisor — understanding each PortCo's unique workforce model, business context, and HR priorities.
* Run structured Product Owner forums, working groups, and user communities to surface requirements, share updates, and drive alignment.
* Manage competing priorities across PortCos with transparency — communicating trade-offs, timelines, and decisions clearly to all stakeholders.
* Facilitate requirements workshops and design sessions, translating business needs into clear, actionable Workday solutions.

**Roadmap & Release Ownership**

  

* Own and maintain the product roadmap for your module(s) — balancing strategic enhancements, PortCo-driven requirements, bug fixes, and Workday release adoption.
* Evaluate every Workday bi-annual release for impact and opportunity within your domain — leading opt-in decisions, testing, and rollout planning.
* Prioritize the backlog in collaboration with stakeholders, the Functional Architect, and People Technology leadership.
* Ensure all enhancements are delivered with appropriate change management, training, and communications to end users and HR teams.
* Track and report on the delivery and benefit realization of roadmap initiatives.

**Hands-On Delivery**

  

* Remain hands-on with Workday configuration in your module area — able to configure, test, validate and deploy.
* Lead user acceptance testing (UAT) for enhancements and releases within your domain.
* Create design documents, configuration specifications, and test plans before deployment.
* Own day-to-day delivery.

**Ecosystem & Innovation Thinking**

  

* Continuously evaluate the HR technology landscape for innovations relevant to your module area — e.g., AI in recruiting, manager effectiveness tools, payroll analytics.
* Propose and build the business case for technology enhancements or new tool adoption where Workday alone does not fully meet business needs.
* Collaborate with vendors (Workday, Paradox, HiredScore, Peakon, etc.) to stay ahead of product developments and advocate for Revantage's priorities.

**Required Qualifications**

  

* 5+ years of Workday functional experience with deep, hands-on expertise in at least two Workday modules.
* Demonstrated experience owning a Workday module in a production environment — including enhancements, releases, stakeholder management, and roadmap ownership.
* Nice to have experience working in a multi-entity, multi-PortCo, or shared-services HR technology model.
* Strong understanding of Workday business process configuration, security roles, reporting, and calculated fields.
* Proven ability to engage and influence senior HR stakeholders without direct authority.
* Experience running forums, steering committees, or user communities across a distributed stakeholder base.
* Global Workday implementation or support experience — able to navigate multi-jurisdiction complexity.
* Excellent written and verbal communication skills — able to translate technical concepts for business audiences and vice versa.

**Module-specific Experience:**  
  
**US Payroll**  
  
Payroll processing, tax configuration, and compliance — configuration and operational support.

* **Payroll Processing:** Pay group setup, payroll calendars, run categories, gross-to-net calculation, and on/off-cycle run management.
* **Earnings & Deductions:** Earning codes, deduction codes, arrears handling, garnishments, and pay component mapping from time and compensation.
* **Tax Configuration:** Federal, state, and local tax setup, reciprocity rules, tax withholding elections, and year-end W-2 processing.
* **Compliance:** ACA reporting, FLSA overtime, pay equity audits, and regulatory filing support.
* **Integrations & Reporting:** GL mapping, bank file generation, payroll reconciliation, and audit-ready payroll registers.

**US Benefits**  
  
Benefit plan configuration, open enrollment, and compliance — configuration and operational support.

* **Plan Configuration:** Medical, dental, vision, FSA/HSA, life, disability, and voluntary benefit plan setup including carrier connections.
* **Eligibility & Enrollment:** Eligibility rules, dependent coverage, qualifying life events, passive and active enrollment configuration.
* **Open Enrollment:** OE event setup, employee self-service configuration, enrollment windows, and communication triggers.
* **ACA Compliance:** 1095-C configuration, measurement periods, affordability calculations, and IRS filing support.
* **Integrations & Reporting:** Benefit carrier file feeds, COBRA administration handoffs, benefit cost reporting, and enrollment audits.

**Preferred Qualifications**

  

* Workday Pro certification in one or more relevant modules.
* Experience with third-party HR technology integrations and vendor management.
* Exposure to change management methodologies and communication planning.
* Prior experience in private equity, financial services, or multi-company real estate environments.
* Familiarity with Agile or product management frameworks (backlog management, sprint planning, road mapping tools).

**About Revantage**  
  
Revantage is a Blackstone portfolio company and a leading provider of corporate services across Blackstone's Real Estate portfolio. Headquartered in Chicago, Revantage supports a diverse and complex ecosystem of portfolio companies (PortCos) spanning residential, commercial, logistics, hospitality, and life-sciences real estate globally — across North America, Europe, and Asia-Pacific.  
  
Our People Technology team sits at the centre of this multi-entity, multi-jurisdictional operating model. We run a single Workday tenant that serves a federated landscape of PortCos, each with its own workforce, HR policies, compensation structures, payroll requirements, and compliance obligations. This complexity demands technology professionals who thrive in ambiguity, operate with an enterprise mindset, and can design solutions that scale across legal entities, geographies, and business models.

*Job Applicant Privacy Notice*

***EEO Statement***

*The Company is an equal opportunity employer. In accordance with applicable law, we prohibit discrimination against any applicant, employee, or other covered person based on any legally recognized basis, including, but not limited to: veteran status, uniformed servicemember status, race, color, caste, immigration status, religion, religious creed (including religious dress and grooming practices), sex, gender, gender expression, gender identity, marital status, sexual orientation, pregnancy (including childbirth, lactation or related medical conditions), age, national origin or ancestry, citizenship, physical or mental disability, genetic information (including testing and characteristics), protected leave status, domestic violence victim status, or any other consideration protected by federal, state or local law. We are committed to providing reasonable accommodations, if you need an accommodation to complete the application process, please email* *TalentAcquisitionIndia@revantage.com*"
https://www.linkedin.com/search/results/content/?keywords=%22Associate%20Product%20Manager%22%20eBay%20hiring&sortBy=%22date_posted%22,,,eBay,Mid-Level,"KA, IN",talent@ebay.com,email,,,85,Fresh,q_apm_01,0-2y,True,"JOB DESCRIPTION

At eBay, we're more than a global ecommerce leader — we’re changing the way the world shops and sells. Our platform empowers millions of buyers and sellers in more than 190 markets around the world. We’re committed to pushing boundaries and leaving our mark as we reinvent the future of ecommerce for enthusiasts.

Our customers are our compass, authenticity thrives, bold ideas are welcome, and everyone can bring their unique selves to work — every day. We're in this together, sustaining the future of our customers, our company, and our planet.

Join a team of passionate thinkers, innovators, and dreamers — and help us connect people and build communities to create economic opportunity for all.

**About the team and the role**
-------------------------------

The Digital Services AI Product team is building the foundation for the next generation of help experiences on eBay. We are focused on making support personalized, effortless, fast, and trusted, providing seamless help where and when customers need it.

With hundreds of millions of listings and a global community of buyers and sellers, eBay’s scale creates a unique opportunity to transform how people find help, resolve issues, and navigate an increasingly complex global commerce and regulatory environment. We are developing an ecosystem of AI Agents and composable AI platforms that enable adaptive, scalable help experiences across every customer touchpoint.

As a Senior Product Manager, you will define and lead the strategy for how we design, build, and scale AI-powered help experiences, including capabilities that help eBay address **product regulatory compliance requirements and policies at scale**. You will work closely with design, engineering, data science, operations, policy, legal, and compliance teams to turn emerging AI capabilities, customer needs, and regulatory requirements into simple, trusted, and impactful products for customers and the business.

**What You Will Accomplish**
----------------------------

* Define the product strategy, roadmap, and execution for AI Agents, composable AI platforms, and capabilities supporting **product regulatory compliance and trusted commerce experiences**.
* Identify opportunities to use AI, automation, and data to improve how regulatory requirements and product policies are understood, operationalized, and surfaced across customer experiences.
* Translate customer, business, policy, and regulatory needs into clear, actionable product direction and requirements.
* Partner with **Legal, Policy, Compliance, Risk, Operations, Engineering, Design, and Data Science** to build scalable solutions that balance customer experience, regulatory obligations, and business objectives.
* Use data and experimentation to guide decisions, measure impact, identify emerging risks, and drive continuous improvement.
* Bring customer insights, regulatory developments, data, and industry trends together to inform product strategy and improve the product experience.
* Develop scalable capabilities that can adapt to **evolving product regulations, marketplace policies, and requirements across markets and jurisdictions**.
* Partner closely with design, engineering, and data science to deliver reliable, explainable, and high-quality AI-powered products at scale.
* Build alignment and strong partnerships across teams to stay focused on shared goals and drive execution across complex, cross-functional initiatives.
* Keep customer trust, safety, and ease of use at the center of product decisions while enabling eBay to meet its regulatory and policy commitments.

**What You Will Bring**
-----------------------

* 6+ years of product management experience, ideally including experience with AI/ML, data-driven products, trust, risk, compliance, policy, or marketplace platforms.
* Experience applying AI and automation to improve customer experiences and solve complex customer or business problems, such as conversational AI, decisioning, classification, policy interpretation, or workflow automation.
* Experience working on **product regulatory compliance, trust, risk, policy, or other regulated product domains** is highly valued.
* Ability to translate complex regulatory, policy, operational, and technical requirements into scalable product capabilities and intuitive customer experiences.
* Skilled at using data and insights to uncover opportunities, drive prioritization, assess risk, and measure success.
* Technical fluency and foresight to collaborate effectively with engineers, data scientists, and AI/ML teams.
* Strong judgment when working with AI-powered products where **accuracy, explainability, customer trust, and regulatory compliance** are important.
* High ownership mindset with a bias for action and focus on creating customer and business impact.
* Exceptional leadership, communication, and collaboration skills across technical and non-technical teams, including Legal, Compliance, Policy, and Operations.
Experience building 0* 1 products and navigating ambiguity, evolving requirements, and complex stakeholder environments with confidence.
* Experience in e-commerce, marketplaces, customer support, self-service, trust, risk, or regulatory technology is a plus but not required.

**Additional Details**

eBay is an equal opportunity employer. All qualified applicants will receive consideration for employment without regard to race, color, religion, national origin, sex, sexual orientation, gender identity, veteran status, and disability, or other legally protected status. If you have a need that requires accommodation, please contact us at talent@ebay.com. We will make every effort to respond to your request for accommodation as soon as possible. View our accessibility statement to learn more about eBay's commitment to ensuring digital accessibility for people with disabilities.

  

We use cookies to enhance your experience and may use AI tools for administrative tasks in the hiring process. To learn how we handle your personal data and use AI responsibly, please visit our Talent Privacy Notice, Privacy Center, and AI Hiring Guidelines.

Apply Now

Save Job"
https://www.linkedin.com/search/results/content/?keywords=%22Associate%20Product%20Manager%22%20UST%20hiring&sortBy=%22date_posted%22,,,UST,Mid-Level,"KA, IN",,DM,,,85,Fresh,q_apm_01,0-2y,False,"**Role description**

At UST, we help the world’s best organizations grow and succeed through transformation. Bringing together the right talent, tools, and ideas, we work with our clients to co-create lasting change. Together, with over 30,000 employees in 30+ countries, we build for boundless impact, touching billions of lives in the process. Visit us at **www.ust.com**.

**Summary**

UST is looking for an experienced **Product Owner** to lead product strategy, roadmap planning, and delivery for healthcare and benefits-focused digital solutions. The ideal candidate will bridge business and technology teams, define product vision, drive value-based prioritization, and support the adoption of AI-powered and automation-driven capabilities.

**The Opportunity**

As a Product Owner, you will be responsible for defining product vision, managing product backlogs, prioritizing features based on business value, and ensuring successful delivery of scalable healthcare solutions. You will work closely with business stakeholders, engineering teams, architects, and leadership to deliver high-impact products while supporting emerging AI, agentic AI, and automation initiatives.

### **Key Roles & Responsibilities**

* Define and communicate product vision, roadmap, goals, and business outcomes.
* Gather, analyze, and document business requirements, workflows, and process maps.
* Collaborate with stakeholders to identify priorities, define scope, and align product strategy with organizational objectives.
* Create and manage user stories, epics, measurable acceptance criteria, and product backlogs using Jira.
* Prioritize features and enhancements based on business value, risk, customer impact, and strategic goals.
* Drive Agile delivery processes, including sprint planning, backlog grooming, release planning, and stakeholder reviews.
* Partner with engineering and architecture teams to translate business needs into scalable technical solutions.
* Lead UAT planning, business validation activities, defect triaging, and stakeholder sign-offs.
* Define AI and automation objectives, success metrics, business KPIs, and human-review requirements for AI-enabled solutions.
* Monitor product adoption, user engagement, and business outcomes using analytics and reporting frameworks.
* Develop business cases, ROI assessments, and value realization strategies for product investments.
* Support delivery of healthcare, benefits administration, pharmacy, and digital transformation initiatives.
* Collaborate with cross-functional teams to ensure alignment across product, business, engineering, and operations.
* Communicate effectively with business and technical audiences, ensuring clarity, brevity, and accuracy in discussions and documentation.

**What You Need**

### **Requirements**

* Strong experience in Product Ownership, Product Management, or Business Analysis roles.
* Expertise in product vision creation, roadmap planning, and business-value prioritization.
* Experience gathering requirements and managing stakeholder expectations across multiple business units.
* Strong understanding of Agile methodologies and product delivery frameworks.
* Experience creating user stories, acceptance criteria, and managing backlogs within Jira.
* Working knowledge of healthcare, benefits administration, and related operational processes.
* Ability to define AI-enabled business outcomes and success measurement frameworks.
* Experience supporting UAT execution, business validation, and release readiness activities.
* Strong analytical, problem-solving, decision-making, and stakeholder management skills.
* Excellent verbal and written communication skills with the ability to interact effectively with senior leadership, business stakeholders, and technology teams.

**Required Skills**

* Product Management
* Product Vision and Strategy
* Product Roadmap Planning
* Business Value Prioritization
* Requirements Gathering
* Process Mapping
* Stakeholder Management
* User Story Development
* Acceptance Criteria Definition
* Backlog Management
* Jira
* Agile Delivery
* Sprint Planning
* Release Planning and Prioritization
* Healthcare Systems
* Benefits Administration
* User Acceptance Testing (UAT)
* Business Validation
* Product Analytics
* Adoption Measurement
* Business Case Development
* AI and Automation Outcome Definition
* Process Documentation

**Desired Skills**

* Experience delivering Generative AI, Agentic AI, or RPA-based products.
* Foundation-level understanding of distributed systems and agentic systems; hands-on experience is preferred but not mandatory.
* Knowledge of CRx/Pharmacy operations and healthcare document workflows.
* Understanding of AWS-hosted applications and API integrations.
* Familiarity with Jira-to-Bitbucket delivery traceability.
* Experience working with cross-functional digital transformation initiatives.
* Exposure to data-driven product decision-making and AI-enabled business solutions.

**Qualification**

* Bachelor's Degree in Business, Technology, Computer Science, Engineering, or a related field.
* Product Management Certification (CSPO, PSPO, or equivalent) preferred.

**Experience**

**8 to 12 Years**

**What We Believe**

We're proud to embrace the same values that have shaped UST since the beginning. Since day one, we've been building enduring relationships and a culture of integrity. Today, those same values inspire us to encourage innovation, champion diversity and inclusion, and place people at the center of everything we do.

### **Humility**

We will listen, learn, be empathetic, and help selflessly in our interactions with everyone.

### **Humanity**

Through business, we will better the lives of those less fortunate than ourselves.

### **Integrity**

We honor our commitments and act with responsibility in all our relationships.

**Equal Employment Opportunity Statement**

UST is an Equal Opportunity Employer. We believe that no one should be discriminated against because of their differences, such as age, disability, ethnicity, gender, gender identity and expression, religion, or sexual orientation.

All employment decisions shall be made without regard to age, race, creed, color, religion, sex, national origin, ancestry, disability status, veteran status, sexual orientation, gender identity or expression, genetic information, marital status, citizenship status, or any other basis protected by applicable law.

UST reserves the right to periodically redefine roles and responsibilities based on organizational requirements and/or employee performance.

* Support and promote the values of UST.
* Comply with all company policies and procedures

  
**Skills**

Healthcare Systems, Benefits Administration, AWS, Generative AI, Prioritization, Product Management, Requirements Gathering, User Acceptance Testing, Process Documentation

 **About UST**  
UST is a global digital transformation solutions provider. For more than 20 years, UST has worked side by side with the world’s best companies to make a real impact through transformation. Powered by technology, inspired by people and led by purpose, UST partners with their clients from design to operation. With deep domain expertise and a future-proof philosophy, UST embeds innovation and agility into their clients’ organizations. With over 30,000 employees in 30 countries, UST builds for boundless impact—touching billions of lives in the process."
https://www.linkedin.com/search/results/content/?keywords=%22Associate%20Product%20Manager%22%20Amazon.com%20hiring&sortBy=%22date_posted%22,,,Amazon.com,Mid-Level,"KA, IN",,DM,,,85,Fresh,q_apm_01,0-2y,False,"**DESCRIPTION**
---------------

Trust depends on two things being true at once: that every piece of customer data is governed, controlled, and provably compliant, and that the organization can move fast enough to keep up as products become agentic and ambient. TCI's AI Enablement & Data Governance charter owns both. On the data side, we make data classification, handling, and retention enforceable and provable rather than asserted. On the enablement side, we build the AI-driven automation and internal products that take operational load off the whole organization, so builders spend their time creating trust instead of maintaining it by hand.  
  
We are looking for a Senior Product Manager - Technical to own the product vision and roadmap for this work. You will define the internal products, paved paths, and automation that make data governance provable and that measurably reduce operational burden across every charter. You will translate a broad, ambiguous mandate into a clear product strategy, decide what to build and in what order, and turn it into shipped capabilities that other teams adopt because they are genuinely better and faster. This is a technical product role: you will operate close to data systems, enforcement mechanisms, and AI automation, and you will be expected to reason about the architecture and trade-offs, not just the surface. You will work across engineering, science, product, privacy, and legal, and you will influence teams beyond your own to adopt the standards you set.  
  
Key job responsibilities  

* Own the product vision, strategy, and multi-year roadmap for the charter's data governance and AI enablement products.
* Define the internal products and paved paths that make data classification, handling enforcement, and retention provable, and make adopting them the easy default for other teams.
* Own the product direction for AI-driven automation that reduces operational burden across charters, and define how its impact on capacity is measured.
* Write the narratives and requirements that align leadership and partner teams, and represent the charter in cross-organization reviews.
* Partner with engineering and science to make build-versus-adopt and automation trade-offs, and to hold governance and compliance guarantees as product requirements rather than afterthoughts.
* Prioritize ruthlessly across a broad surface, balancing compliance obligations, operational-efficiency gains, and partner-team needs.
* Define and track the metrics that prove governance is enforceable and that automation is actually returning capacity, and use them to steer the roadmap.
* Partner with privacy and legal to translate obligations into product requirements that builders can adopt by configuration.
* Influence and align teams beyond your own to build to the standards and paved paths you define.

  
About the team  
Who We Are:  
Trust CX Innovations is a strategic innovation team within Amazon Devices & Services that focuses on advancing AI technology while prioritizing customer trust and experience. Our team operates at the intersection of artificial intelligence, privacy engineering, and customer-centric design.  
  
Our Mission:  
To pioneer trustworthy AI innovations that delight customers while setting new standards for privacy and responsible technology development. We aim to transform how Amazon builds AI products by creating solutions that balance innovation with customer trust.

**BASIC QUALIFICATIONS**
------------------------

* Bachelor's degree
* 5+ years of end to end product delivery experience
* Experience contributing to engineering discussions around technology decisions and strategy related to a product
* Experience in representing and advocating for a variety of critical customers and stakeholders during executive-level prioritization and planning
* Experience owning/driving roadmap strategy and definition
* Experience in regulatory frameworks and policy analysis methodologies
* Experience delivering large, cross-functional, customer facing products
* Experience with explainable machine learning and artificial intelligence methodologies and tools
* Experience analyzing data to make business decisions

**PREFERRED QUALIFICATIONS**
----------------------------

* Master's degree in Computer Science, Computer Engineering, or related fields
* Advanced knowledge of AI/ML systems, AI model evaluation frameworks, and responsible AI implementation
* Deep understanding of privacy technologies (differential privacy, federated learning, etc.)
* Experience with accessibility technologies and standards (WCAG, Section 508, ADA compliance)
* Knowledge of global privacy regulations (GDPR, CCPA, etc.) and accessibility compliance requirements
* Experience with large-scale distributed systems and their privacy/accessibility implications

  
Our inclusive culture empowers Amazonians to deliver the best results for our customers. If you have a disability and need a workplace accommodation or adjustment during the application and hiring process, including support for the interview or onboarding process, please visit https://amazon.jobs/content/en/how-we-hire/accommodations for more information. If the country/region you’re applying in isn’t listed, please contact your Recruiting Partner."
https://www.linkedin.com/search/results/content/?keywords=%22Associate%20Product%20Manager%22%20YASH%20Technologies%20hiring&sortBy=%22date_posted%22,,,YASH Technologies,Mid-Level,"KA, IN",,DM,,,85,Fresh,q_apm_01,0-2y,False,"Date: Sep 17, 2026

Job Requisition Id: 66297

Location:
Bangalore, KA, IN

Job Related Statistics

* Responsible for acting as Product Owner for larger, more complex projects with high value to the organization
* Job Duties/Responsibilities may include but not limited to:
* Responsible for maximizing the value of the product and the work of the Development Team
* Responsible for acting as Product Owner for larger, more complex projects with high value to the organization
* Responsible for creating, maintaining and prioritizing the Product Backlog according to business value for the life of the project
* Communicate Product Backlog priorities to the team.
* Act as the key decision-maker regarding what features the product will have
* Responsible for the vision of what is to be built, and conveying that vision to the team
* Assists with the elaboration of epics, themes and features into user stories that are small enough, or granular enough, to be achieved in a single sprint
* Responsible for conveying the vision and goals at the beginning of every sprint
* Work closely with key stakeholders throughout the organization
* Responsible for making decisions on release dates and content
* Represent the customer, interfacing and engaging with the customer
* Participate in Daily Scrum as needed
* Participate in Sprint Planning meetings, Reveals and Retrospectives
* Inspect the product progress at the end of every Sprint and accept or reject the work that has been done by the Development Team
* Act as the voice of the team, communicating status externally
* Be a good role model of Scrum values; understand the framework and the roles of each team member
* Be a champion for the agile community and help to further the community within the organization
* Employee is also responsible for performing other job duties as assigned by Client management from time to time.
  

BACKGROUND/EXPERIENCE:

Required Qualifications

* Four year Bachelor’s degree preferably in computer science, information systems, marketing, communications, engineering or related field
* 5+ years’ experience as a product manager
* 5+ years of experience leading a technical team while simultaneously managing multiple projects
* 3+ years of experience with the Agile methodology
* Product Owner certification (CSPO from Scrum Alliance)
* Demonstrated ability to communicate appropriately to ensure a team’s success
* Domain expert in business applications
* Strong accountability planning/organization, and teamwork
* Highly developed interpersonal skills to deal with sensitive, emotional or potentially controversial situations.
Excellent oral and written communication skills  

Top candidates will also possess these Qualifications

* Experience managing projects using Agile software tools such as Mingle, VSTS, JIRA, Team Services, Rally
* Experience working with onshore/offshore team model
* Demonstrated ability to empower teams
* Strong accountability, teamwork, and interpersonal skills, and communication skills
* Knowledge of SDLC and demonstrated experience employing SDLC in aspects of the project management process
* Background in Information Technology
* Good knowledge of Client policies, standards, procedures, and a broad understanding of Clients organization

**Job description:**

  

TECHNICAL PRODUCT OWNER
  
**Experience:** 4–6 Years | Role Type: Technical Product Ownership

**Job Summary**

* We are looking for a highly motivated Technical Product Owner with 4–6 years of experience in Agile product development and enterprise software delivery.
* The ideal candidate will collaborate with business stakeholders, architects, engineering teams, and customers to translate business needs into well-defined technical solutions.
* This role requires a strong understanding of Java-based backend services, cloud-native architectures on AWS, APIs, microservices, and system integrations.
The Technical Product Owner will serve as the bridge between business requirements and technical implementation, ensuring that business features are decomposed into actionable technical features and user stories with sufficient service-level and component-level detail for efficient development and delivery.  

**Key Responsibilities**

* Define and communicate the product vision, goals, roadmap, and desired business outcomes.
* Own and manage the product backlog, ensuring prioritization aligns with business objectives, architectural direction, delivery capacity, and technical dependencies.
* Gather, analyze, and document business, functional, technical, and non-functional requirements.
* Partner with business stakeholders, architects, and engineering teams to translate business capabilities into technical features and implementation-ready user stories.
* Decompose business features into technical features, enablers, backend services, integrations and platform capabilities.
* Create user stories that include business context, high-level service and component details, affected systems, component interactions, integration points, dependencies, API or event requirements, data considerations, and acceptance criteria.
* Understand and document backend service interactions, data flows, interface contracts, upstream and downstream dependencies, and integration requirements.
* Work closely with engineering teams to understand solution approaches for Java and Spring Boot microservices deployed on AWS.
* Collaborate with architects and developers to understand service contracts, REST API requirements, event-driven workflows, and integration patterns.
* Ensure user stories capture relevant non-functional expectations, including security, performance, scalability, availability, observability, error handling, resiliency, and supportability.
* Facilitate discussions between business stakeholders and technical teams to resolve functional and technical ambiguities.
* Evaluate technical trade-offs, implementation risks, dependencies, and sequencing considerations during backlog prioritization and release planning.
* Lead or actively participate in sprint planning, backlog refinement, sprint reviews, retrospectives, architecture discussions, and release planning.
* Ensure stories meet the Definition of Ready and provide timely clarifications throughout the sprint.
* Validate completed work against functional and technical acceptance criteria and approve user stories.
* Coordinate User Acceptance Testing, product demonstrations, release readiness, and product launches.
* Monitor product performance, operational feedback, adoption, and business impact to drive continuous improvement.
* Identify risks, blockers, and cross-team dependencies and work proactively with stakeholders to resolve them.
Promote Agile best practices, engineering collaboration, and customer-centric product development.  

Technical User Story Expectations

* User stories created or refined by the Technical Product Owner should include, where applicable:
* Business objective, user or system outcome, and measurable value.
* Affected Java services, AWS components, APIs, databases, queues, events, or integration endpoints at a high level.
* High-level service and component interactions, including upstream and downstream systems.
* API contract expectations, request and response behavior, validation rules, and error scenarios.
* Data requirements, data ownership, persistence needs, and key data-flow considerations.
* Security, access control, audit, privacy, performance, scalability, availability, resiliency, logging, monitoring, and alerting expectations.
* Technical dependencies, assumptions, constraints, risks, and sequencing requirements.
Clear functional and technical acceptance criteria that enable development, testing, and validation.  

Required Qualifications

* Bachelor's degree in Computer Science, Information Technology, Engineering, Business, or a related field.
* 4–6 years of experience as a Product Owner, Technical Product Owner, Business Analyst, or related product role in software delivery.
* Strong understanding of Agile, Scrum, and SAFe methodologies.
* Experience managing product backlogs using Azure DevOps, Jira, Rally, or similar tools.
* Proven ability to translate business features into technical features, user stories, and clear acceptance criteria.
* Strong understanding of backend application architecture, microservices, REST APIs, service-oriented architecture, and distributed systems.
* Experience working with engineering teams developing Java and Spring Boot backend services on AWS.
* Ability to understand high-level solution architecture and convert business requirements into implementable technical deliverables.
* Ability to analyze system interactions, data models, service dependencies, and integration requirements.
* Familiarity with cloud-native development, CI/CD, DevOps, automated testing, observability, and cloud deployment models.
* Strong stakeholder management, communication, facilitation, analytical, and problem-solving skills.
Ability to balance business priorities, customer needs, technical constraints, risks, and delivery timelines.  

Preferred Qualifications

* Certified Scrum Product Owner (CSPO), Professional Scrum Product Owner (PSPO), or SAFe Product Owner/Product Manager certification.
* Working knowledge of AWS services such as API Gateway, Lambda, ECS or EKS, SQS, SNS, DynamoDB, RDS, Step Functions, CloudWatch, and IAM.
* Experience working in Java and Spring Boot microservices environments.
* Ability to read and understand technical design documents, API specifications, data-flow diagrams, UML diagrams, and architecture diagrams.
* Experience with event-driven architecture, API-led integrations, and enterprise integration patterns.
* Experience supporting platform modernization, cloud migration, digital transformation, or enterprise application initiatives.
Experience with data-driven decision-making and product analytics.  

Key Skills

* Technical Product Ownership and Product Backlog Management
* Business-to-Technical Feature Decomposition
* Java and Spring Boot Fundamentals
* AWS Cloud Architecture and Cloud-Native Development
* Microservices, REST APIs, and System Integrations
* Service and Component Modeling
* Event-Driven Architecture
* Technical User Story and Acceptance Criteria Creation
* Non-Functional Requirements Definition
* Agile, Scrum, and SAFe Delivery
* Azure DevOps, Jira, and Confluence
* Stakeholder Management, Communication, and Negotiation
* Risk, Dependency, and Release Management
* Customer-Centric Product Thinking
* Success Metrics
* Timely delivery of prioritized features and achievement of sprint and release goals.
* Quality, completeness, and readiness of technical features and user stories.
* Percentage of stories meeting the Definition of Ready before sprint planning.
* Reduction in engineering clarifications, requirement ambiguity, rework, and requirement-related defects.
* Effective decomposition of business capabilities into implementable technical work.
* Improved delivery predictability through clear dependencies, technical context, and acceptance criteria.
* Stakeholder satisfaction, product adoption, operational performance, and measurable business impact.

Job Related Statistics

* Responsible for acting as Product Owner for larger, more complex projects with high value to the organization
* Job Duties/Responsibilities may include but not limited to:
* Responsible for maximizing the value of the product and the work of the Development Team
* Responsible for acting as Product Owner for larger, more complex projects with high value to the organization
* Responsible for creating, maintaining and prioritizing the Product Backlog according to business value for the life of the project
* Communicate Product Backlog priorities to the team.
* Act as the key decision-maker regarding what features the product will have
* Responsible for the vision of what is to be built, and conveying that vision to the team
* Assists with the elaboration of epics, themes and features into user stories that are small enough, or granular enough, to be achieved in a single sprint
* Responsible for conveying the vision and goals at the beginning of every sprint
* Work closely with key stakeholders throughout the organization
* Responsible for making decisions on release dates and content
* Represent the customer, interfacing and engaging with the customer
* Participate in Daily Scrum as needed
* Participate in Sprint Planning meetings, Reveals and Retrospectives
* Inspect the product progress at the end of every Sprint and accept or reject the work that has been done by the Development Team
* Act as the voice of the team, communicating status externally
* Be a good role model of Scrum values; understand the framework and the roles of each team member
* Be a champion for the agile community and help to further the community within the organization
* Employee is also responsible for performing other job duties as assigned by Client management from time to time.
  

BACKGROUND/EXPERIENCE:

Required Qualifications

* Four year Bachelor’s degree preferably in computer science, information systems, marketing, communications, engineering or related field
* 5+ years’ experience as a product manager
* 5+ years of experience leading a technical team while simultaneously managing multiple projects
* 3+ years of experience with the Agile methodology
* Product Owner certification (CSPO from Scrum Alliance)
* Demonstrated ability to communicate appropriately to ensure a team’s success
* Domain expert in business applications
* Strong accountability planning/organization, and teamwork
* Highly developed interpersonal skills to deal with sensitive, emotional or potentially controversial situations.
Excellent oral and written communication skills  

Top candidates will also possess these Qualifications

* Experience managing projects using Agile software tools such as Mingle, VSTS, JIRA, Team Services, Rally
* Experience working with onshore/offshore team model
* Demonstrated ability to empower teams
* Strong accountability, teamwork, and interpersonal skills, and communication skills
* Knowledge of SDLC and demonstrated experience employing SDLC in aspects of the project management process
* Background in Information Technology
* Good knowledge of Client policies, standards, procedures, and a broad understanding of Clients organization"
https://www.linkedin.com/search/results/content/?keywords=%22Associate%20Product%20Manager%22%20Boston%20Consulting%20Group%20hiring&sortBy=%22date_posted%22,,,Boston Consulting Group,Mid-Level,"HR, IN",,DM,,,85,Fresh,q_apm_01,0-2y,False,"Who We Are

Boston Consulting Group partners with leaders in business and society to tackle their most important challenges and capture their greatest opportunities. BCG was the pioneer in business strategy when it was founded in 1963. Today, we help clients with total transformation-inspiring complex change, enabling organizations to grow, building competitive advantage, and driving bottom-line impact.  
  
To succeed, organizations must blend digital and human capabilities. Our diverse, global teams bring deep industry and functional expertise and a range of perspectives to spark change. BCG delivers solutions through leading-edge management consulting along with technology and design, corporate and digital ventures—and business purpose. We work in a uniquely collaborative model across the firm and throughout all levels of the client organization, generating results that allow our clients to thrive.

What You'll Do

The HR Digital Product Portfolio is one of the largest and most dynamic portfolios within BCG’s Digital Products Organization, enabling technology across BCG’s HR and People functions. Within the Talent Acquisition Product Team, the Candidate Selection squad supports the products and capabilities that underpin how BCG assesses and selects candidates.

As a Senior Product Analyst, you will work closely with the Product Owner, business teams, technology teams, QA, and external vendors to shape effective product solutions. You will independently explore business needs, challenge assumptions, and translate complex requirements into clear, actionable solutions, with the Product Owner providing direction and final sign-off where appropriate.

  

* Lead and facilitate requirements discussions with business and technology teams to understand problems, user needs, business value, and the wider impact of proposed changes.
* Document clear product requirements in Jira, translating business needs into user stories, acceptance criteria, process flows, functional requirements, use cases, and solution options.
* Challenge requests constructively, identifying assumptions, dependencies, risks, unintended consequences, and alternative approaches before solutions are agreed.
* Co-create solutions with business, technology, QA, and vendor teams, helping bridge functional and technical considerations and supporting the Product Owner with prioritization and delivery readiness.
* Build deep product knowledge and take accountability for changes from requirements through test-scenario definition, validation, deployment readiness, and rollout.
* Prioritize and investigate assigned production issues, identify likely root causes, and bring the right squad, vendor, or technology expertise together to drive effective resolution.
* Support successful adoption of new functionality by preparing release notes and partnering with Learning and Development and Process Enablement colleagues on user guidance and learning materials where needed.
* Contribute to cross-functional initiatives and broader Talent Acquisition Product Team priorities as opportunities and business needs evolve.
* Build adjacent product and technical skills, including taking on straightforward SaaS configuration and functional enhancement activities where appropriate.

What You'll Bring

* 6+ years of relevant experience in product analysis, business analysis, technology, operations, or a related field.
* Strong analytical and critical-thinking skills, with confidence to challenge assumptions, identify downstream impacts, and recommend practical solutions.
* Experience eliciting, translating, and documenting business needs into user stories, acceptance criteria, process flows, functional requirements, and use cases.
* Experience partnering with developers and engineers to bridge functional and technical requirements and translate business intent into implementation-ready specifications.
* Experience partnering with QA teams to define test scenarios, validate system behaviour, investigate issues, and manage feedback through delivery.
* Experience working with SaaS products and external vendors, with an interest in developing hands-on configuration and product administration capabilities.
* Strong working knowledge of Jira and Confluence; Talent Acquisition or HR technology experience is strongly preferred, while exposure to ServiceNow, APIs, integrations, MuleSoft, production support, system troubleshooting, or change management is beneficial.

Who You'll Work With

You’ll be part of the Candidate Selection squad within BCG’s global Talent Acquisition Product Team.

You’ll collaborate closely with Product Owners, engineers, developers, QA, Scrum Leads, SaaS Engineers, Talent Acquisition teams, and external vendors. Depending on the product or change, you may also partner with Legal, Data Protection, and Responsible AI teams.

The team works through close business and technology co-creation, combining BCG-built solutions with integrated SaaS platforms and strong vendor partnerships across a global network.

Additional info

At BCG, our people and relationships are at the heart of everything we do. We believe that in-person collaboration plays an important role in our culture, mentorship, and professional development.

For this role, you will generally be expected to work from a BCG office or in person with clients on a regular basis (typically around 50% of working time), depending on business needs and in line with local policies and practices.

We aim to provide a dynamic and collaborative environment that fosters connection and teamwork.

Boston Consulting Group is an Equal Opportunity Employer. All qualified applicants will receive consideration for employment without regard to race, color, age, religion, sex, sexual orientation, gender identity / expression, national origin, disability, protected veteran status, or any other characteristic protected under national, provincial, or local law, where applicable, and those with criminal histories will be considered in a manner consistent with applicable state and local laws."
https://www.linkedin.com/search/results/content/?keywords=%22Associate%20Product%20Manager%22%20Violet%20Infosystems%20Private%20Limited%20hiring&sortBy=%22date_posted%22,,,Violet Infosystems Private Limited,Mid-Level,"MH, IN",,DM,,,85,Fresh,q_apm_01,0-2y,False,"**Open Position: Product Manager**  
**Location: Malad (West), Mumbai**  
**Experience: 4 to 8 Years**  
**Qualification: Any Graduate**  
**Industry: IT/Software**  
**Only Mumbai Suburban-based location (Bhayandar to Churchgate) candidates apply for the Position**

**You can also contact on: 9372974661 / 8928772622 / 7021155918**  
**We are working 6 days, i.e., from Monday to Saturday.**

**Job Description:-**

* Develop and implement product strategies consistent with the company vision.
* Collect and analyze feedback from customers, stakeholders, and other teams to shape requirements, features, and end products.
* Work with senior management to create product plans and roadmaps.
* Lead product managers and coordinate cross-functional teams.
* Produce and review product requirements documents (PRD).
* Ensure products and releases are launched correctly and on schedule.
* Make creative recommendations to expand the product base and vision.
* Suggest ways to track product use and impact on end users.

**Mandatory Skills:-**

* Interpersonal and Leadership Skills.
* The organization works efficiently.
* Time Management.
* Good communication skills.
* Comfortable attending meetings.
* Delegating Tasks.
* Thinking Analytically.
* Negotiator and Influencer.

Job Types: Full-time, Permanent

Pay: ₹650,000.00 - ₹1,000,000.00 per year

Benefits:

* Provident Fund

Work Location: In person"
https://www.linkedin.com/search/results/content/?keywords=%22Associate%20Product%20Manager%22%20Globocom%20Infotech%20hiring&sortBy=%22date_posted%22,,,Globocom Infotech,Mid-Level,"MH, IN",,DM,,,85,Fresh,q_apm_01,0-2y,False,"Please find attached the **Job Description for the position of Associate Product Manager** at **Globocom Infotech Pvt. Ltd.**, under our **Futuratech – Innovations Team**.

**About Globocom**

Globocom is a multinational digital enterprise with operations across **India, UAE, Singapore and Niger**, with a presence across **110+ telecom companies worldwide** and a turnover of **$15 Million**.

Our key areas of business include:

* Telecom Value-Added Services
* M-Commerce & D2C Platforms
* Digital Media & Performance Marketing
* Gaming, Utility & Video Services
* International Content Acquisition
* Digital Product Development

Globocom is also expanding into **Latin America and Africa**, with a strong focus on innovation and new-age digital products.

**About Futuratech – Innovations Team**

**Futuratech** is Globocom’s dedicated **Innovation & New Product Development division**, focused on building scalable digital solutions across **OTT, EdTech, Entertainment and emerging technology**.

**Website:** Futuratech Technologies

Product Manager – OTT, entertainment, EdTech & New Products

Location: Mumbai  
Employment Type: Full-time  
Department: Product & Innovation  
Reporting To: Head of Innovation

About the Role

We are looking for a Product Manager with 5–8 years of experience to join our Product & Innovation team and work across OTT, EdTech and new digital product initiatives.

This is a hands-on product role for someone who enjoys building products from the ground up, solving customer problems, working closely with technology and business teams, and using data to drive product decisions.

The ideal candidate should be equally comfortable discussing user journeys, product requirements, APIs, analytics, monetization, UX, growth and technology execution.

You will work on products across different stages—from new product discovery and MVP development to scaling existing products and improving engagement, retention and monetization.

---

Key Responsibilities

1. Product Strategy & Roadmap

Define product vision, strategy and roadmap in collaboration with business and technology leadership.  
Identify customer problems, market opportunities and new product opportunities.  
Translate business objectives into clear product goals, priorities and measurable KPIs.  
Own product roadmap and continuously prioritize features based on business impact, user value, effort and data.  
Conduct competitor and market research across OTT, EdTech, consumer apps and emerging digital products.

2. Product Discovery & New Product Development

Take new product ideas from concept → validation → MVP → launch → scale.  
Conduct user research, competitor analysis and market validation.  
Define user personas, use cases and end-to-end customer journeys.  
Create MVP scope and determine what should—and should not—be built.  
Work closely with design and engineering teams to convert concepts into scalable products.  
Participate in experimentation, A/B testing and rapid iteration.

3. OTT Product Management

Work on products such as Navrang OTT and future entertainment products, including:

Content discovery and recommendation journeys  
Home screen and content listing experiences  
Video playback experience  
Subscription and payment journeys  
Free vs paid content strategy  
Trial and subscription flows  
User engagement and retention  
Push notifications and re-engagement  
Content metadata and CMS requirements  
Web, Android and iOS product experiences  
Subscription lifecycle and renewal journeys  
Analytics and monetization funnels

Experience with OTT, streaming, subscription or media products will be highly valuable.

4. Growth & Monetization

The candidate should understand that product success is not just about shipping features.

You will work on:

Acquisition-to-registration funnel  
Registration-to-activation funnel  
Free-to-paid conversion  
Subscription conversion  
Retention and churn  
Engagement and watch/learning time  
ARPU, LTV and CAC  
Referral and viral growth  
Pricing and packaging  
Conversion optimization  
A/B testing and experimentation

You will collaborate closely with Marketing and Performance Marketing teams to ensure acquisition campaigns and product experiences work together.

5. Product Analytics

Define product KPIs and event-tracking requirements.  
Build and monitor product funnels.  
Analyze user behavior and identify drop-offs.  
Use data to validate hypotheses and prioritize improvements.  
Work with analytics/engineering teams on event instrumentation.  
Develop dashboards and product performance reports.  
Track cohort behavior, retention and monetization.

Experience with tools such as GA4, Firebase Analytics, Mixpanel, Amplitude, AppsFlyer, Adjust or similar platforms is preferred.

6. Product Requirements & Execution

Create detailed PRDs, user stories, acceptance criteria and product specifications.  
Define functional and non-functional requirements.  
Create user flows and wireframes where required.  
Work closely with UI/UX designers.  
Collaborate with Android, iOS, Web, Backend and QA teams.  
Participate in sprint planning, grooming, reviews and retrospectives.  
Resolve product-related questions during development.  
Ensure features are delivered according to business objectives and requirements.  
Own UAT and product launch readiness.

7. Cross-functional Collaboration

Work closely with:

Engineering  
UI/UX  
QA  
DevOps  
Content  
Marketing  
Performance Marketing  
Business/Revenue teams  
Customer Support  
Data/Analytics

The PM will act as the bridge between business, technology and users.

---

Required Skills & Experience

Must Have

5–8 years of Product Management experience.  
Experience building and scaling consumer-facing digital products.  
Strong understanding of mobile applications and web products.  
Experience working with Agile/Scrum development teams.  
Strong PRD and product documentation skills.  
Excellent understanding of user journeys and UX.  
Strong analytical and problem-solving ability.  
Understanding of APIs, backend systems, databases and technology architecture.  
Experience with product analytics and event tracking.  
Strong communication and stakeholder-management skills.  
Ability to independently drive products from idea to execution.

Preferred

Experience in one or more of:

OTT / Video Streaming  
EdTech, Entertainment  
Consumer Internet  
Subscription products  
Mobile apps  
Digital media  
E-commerce  
SaaS / B2C platforms  
Performance marketing / growth products

Experience with monetization, subscriptions, payments, attribution and performance marketing will be a strong advantage.

---

What We Are Looking For

We are looking for someone who:

Thinks like a product owner, not a project coordinator.  
Can independently identify problems and propose solutions.  
Is comfortable challenging assumptions.  
Can balance user experience, technology and commercial objectives.  
Uses data rather than opinions to make decisions.  
Can move quickly without compromising product fundamentals.  
Is comfortable working in an entrepreneurial environment with ambiguity.  
Can manage multiple products/projects without losing ownership.  
Understands that launching a feature is not the end—the real job is measuring whether it worked.

---

Key Performance Indicators

Success in this role will be measured through:

Product adoption and engagement  
Activation and conversion rates  
Subscription/revenue growth  
Retention and churn  
Product funnel improvement  
Feature adoption  
Customer satisfaction  
Experimentation velocity  
Product launch timelines  
Quality of product execution  
Business impact of product initiatives

---

Education

Bachelor's degree in Engineering, Computer Science, Management or a related field.

MBA or equivalent product/business education is a plus but not mandatory.

---

Why Join Us?

Opportunity to work across OTT, EdTech and new-age digital products.  
Build products from the ground up rather than only managing incremental features.  
Work directly with senior leadership on product strategy.  
High ownership and decision-making responsibility.  
Exposure to product, technology, growth, monetization and performance marketing.  
Opportunity to experiment with new business models and emerging technologies.  
Fast-paced entrepreneurial environment.

Pay: ₹800,000.00 - ₹1,600,000.00 per year

Benefits:

* Health insurance
* Leave encashment
* Paid sick time
* Provident Fund

Work Location: In person"
https://www.linkedin.com/search/results/content/?keywords=%22Associate%20Product%20Manager%22%20Airpay%20Payment%20Services%20Pvt.Ltd.%20hiring&sortBy=%22date_posted%22,,,Airpay Payment Services Pvt.Ltd.,APM,"MH, IN",,DM,,,85,Fresh,q_apm_01,0-2y,False,"**Job Title:** Associate Product Manager / Product Manager  
**Report to:** Senior Product Manager  
**Department:** Product  
**Location:** Mumbai

**Job Summary**  
Airpay is an RBI-licensed omnichannel payments company operating in India, the UAE and Tanzania, with businesses spanning payments, distribution, lending and wealth.  
We are hiring an Associate Product Manager / Product Manager to build products across Airpay Money, our consumer investing app, and Airpay Capital, our digital lending platform.  
You will own features end to end — from the customer problem and requirements through launch and adoption — working closely with engineering, design, business, compliance and partner teams.

**Key Responsibilities**

* Own the roadmap and delivery for investing journeys on Airpay Money across mutual funds, stocks and other asset classes.
* Build and improve lending journeys on Airpay Capital — personal and secured loans and credit cards — from application through eligibility, offers and disbursal.
* **Bring investing and credit together into one seamless customer experience across app and web.**
* Write clear PRDs and user stories, and work with design and engineering through build, testing and launch.
* **Manage integrations with partner banks, NBFCs and investment partners, from scoping through go-live and ongoing issue resolution.**
* Define success metrics for your features, track funnels and conversion, and use data and customer feedback to decide what to build next.
* **Work with compliance and legal to ensure products meet RBI, SEBI and data-privacy requirements.**
* Triage production issues with support and engineering, prioritising by customer and business impact.
* **Track competitors and market trends in Indian investing and digital lending.**

**Skills and Experience**

* Hands-on experience building D2C investing journeys — investor onboarding and KYC, mutual fund SIP and lumpsum, stock and ETF orders, portfolio and holdings views, and redemptions.
* Understanding of how retail investing works behind the app — exchanges, depositories, RTAs, order lifecycle, settlement cycles and mandate-based payments such as UPI AutoPay and e NACH.
* **Experience driving investor acquisition, activation and retention — first-investment conversion, SIP continuity and cross-sell of new asset classes.**
* Familiarity with SEBI norms for investment platforms, including MF distribution, stock broking, KYC (KRA/CKYC) and investor disclosures.
* **Track record of shipping consumer-facing app or web features at scale, with a strong eye for user experience.**
* Exposure to digital lending flows (KYC, bureau checks, eligibility, disbursal) is a plus. **Comfortable with APIs and partner integrations; able to read API documentation and write clear functional specifications.**
* Data-driven, with working knowledge of funnels, product analytics tools and SQL/Excel.
* **Working knowledge of RBI Digital Lending Guidelines and the DPDP Act is a plus.**
* Clear written and verbal communication; able to manage multiple internal and partner stakeholders.
* **Bias for action and comfortable managing multiple priorities in a fast-paced environment.**

Pay: ₹779,006.47 - ₹1,235,713.64 per year

Benefits:

* Provident Fund

Work Location: In person"
https://www.linkedin.com/search/results/content/?keywords=%22Associate%20Product%20Manager%22%20U.S.%20Pharmacopeia%20hiring&sortBy=%22date_posted%22,,,U.S. Pharmacopeia,APM,"TS, IN",,DM,,,85,Fresh,q_apm_01,0-2y,False,"**Description**

**Who is USP?**

The U.S. Pharmacopeial Convention (USP) is an independent scientific organization that collaborates with the world’s leading health and science experts to develop rigorous quality standards for medicines, dietary supplements, and food ingredients. At USP, we believe that scientific excellence is driven by a commitment to fairness, integrity, and global collaboration. This belief is embedded in our core value of Passion for Quality and is demonstrated through the contributions of more than 1,300 professionals across twenty global locations, working to strengthen the supply of safe, high-quality medicines worldwide.

At USP, we value inclusive scientific collaboration and recognize that attracting diverse expertise strengthens our ability to develop trusted public health standards. We foster an organizational culture that supports equitable access to mentorship, professional development, and leadership opportunities. Our partnerships, standards, and research reflect our belief that ensuring broad participation in scientific leadership results in stronger, more impactful outcomes for global health.

USP is proud to be an equal employment opportunity employer (EEOE) and is committed to ensuring fair, merit-based selection processes that enable the best scientific minds—regardless of background—to contribute to advancing public health solutions worldwide. We provide reasonable accommodations to individuals with disabilities and uphold policies that create an inclusive and collaborative work environment.

**Brief Job Overview**

As part of the USP Programs, Regions, Operations, and Strategy (PROpS) Division, the Reference Standards Product Manager leads the development and management of the Small Molecules, Complex Generics, and General Chapters portfolio of reference standards. The Product Management function is responsible for overseeing the full product lifecycle (development to discontinuation), understanding key industry trends, applying data-driven and analytic decision making and making customer-focused recommendations that drive product portfolio growth. This role is an individual contributor who will be responsible for implementation of projects and processes that enable decisions about new and existing products. Core activities will also include the development of prioritization, forecasting, and financial models that enhance product mix, optimization and overall performance. This is a highly collaborative role that will be expected to work globally across the organization including Science, Operations, Sales, Regions, Pricing, Trade Compliance, and Marketing. As a product manager, this role will drive product strategy, lead cross-functional teams in planning product roadmaps, discount and promotion strategies and ensure the successful launch and growth of innovative, high-quality standards and solutions to drive USP’s mission and vision of improving global health.

**How will YOU create impact here at USP?**

As part of our mission to advance scientific rigor and public health standards, you will play a vital role in increasing global access to high-quality medicines through public standards and related programs. USP prioritizes scientific integrity, regulatory excellence, and evidence-based decision-making to ensure health systems worldwide can rely on strong, tested, and globally relevant quality standards.

Additionally, USP’s People and Culture division, in partnership with the Equity Office, invests in leadership and workforce development to equip all employees with the skills to create high-performing, inclusive teams. This includes training in equitable management practices and tools to promote engaged, collaborative, and results-driven work environments.

The Reference Standards Product Manager has the following responsibilities:

* Item forecasting, pricing, and margin analysis
* Develop and present business case and supporting rationale for new and existing items
* Stays abreast of industry and market trends and key competitive intelligence to drive product strategies.
* Lead pipeline prioritization efforts, aligning pipeline to segment value and organizational strategies/prioritization
* Work with Industry Programs, Science and Operations, and others to facilitate new product launches
* Support Industry Programs, Regional and Sales staff in new product training and related customer solutions
* Support continuous improvement of forecasting and product performance against key success metrics
* Manage product mix and optimization for selection and discontinuation of products that enhance profitability
* Identify new product opportunities based on customer needs, feedback, and strategic insights
* Work collaboratively with Marketing, Sales, and Regions to launch and monitor feedback and uptake of items
* Maintain and update product roadmaps to meet targeted product pipeline and growth goals.

**Who is USP Looking For?**

The successful candidate will have a demonstrated understanding of our mission, commitment to excellence through inclusive and equitable behaviors and practices, ability to quickly build credibility with stakeholders, along with the following competencies and experience:

* Bachelor’s/Master’s degree in business, Marketing or Science fields with a MBA Degree.
* Minimum three (3) to seven (7) years of professional experience in Pharmaceutical industry or related field
* At least one (1) to two (2) years managing large product portfolios across B2B and/or B2C companies and managing high performance cross-functional teams.
* Experience with financial analysis, forecasting, data and analytical tools
* Strong quantitative and critical thinking skills with ability to handle complexity and drive data-driven solutions.
* Ability to develop and present dashboards, templates and business cases supported by strong rationale, customer insights and business growth goals.
* Self-starter and highly self-motivated, assumes personal accountability for results and performance.
* Working knowledge of syndicated data and analysis, such as IQVIA, Cortellis, Dailymed, etc
* Knowledge of Microsoft Word, Excel, PowerPoint
* Strong written and verbal communication and cross-functional collaboration skills

**Supervisory Responsibilities**

None, this is an individual contributor role.

**Benefits**

USP provides the benefits to protect yourself and your family today and tomorrow. From company-paid time off and comprehensive healthcare options to retirement savings, you can have peace of mind that your personal and financial well-being is protected.

Note: USP does not accept unsolicited resumes from 3rd party recruitment agencies and is not responsible for fees from recruiters or other agencies except under specific written agreement with USP.

**Job Category** Technical Programs

**Job Type** Full-Time"
https://www.linkedin.com/search/results/content/?keywords=%22Associate%20Product%20Manager%22%20Hawkmartech%20hiring&sortBy=%22date_posted%22,,,Hawkmartech,APM,"HR, IN",,DM,,,85,Fresh,q_apm_01,0-2y,False,"**Product Manager – CPaaS**

**Company:** Hawk Martech  
**Location:** Gurugram – DLF Corporate Greens  
**Work Mode:** Full-Time | On-Site  
**Experience:** 3–6 Years  
**Department:** Product & Technology

**About the Role**

Hawk Martech is looking for an experienced **Product Manager – CPaaS** to drive the development and growth of communication and customer-engagement products.

The ideal candidate should have **hands-on product management experience in CPaaS (Communications Platform as a Service)** and a strong understanding of communication channels such as **SMS, WhatsApp, RCS, Voice, Email, and communication APIs**.

We are specifically looking for someone who has worked with **CPaaS, communication platforms, messaging platforms, cloud telephony, conversational communication, or API-based communication products** and understands the technical and commercial aspects of these products.

Key ResponsibilitiesProduct Strategy & Roadmap

* Own the **product vision, strategy, roadmap, and execution** for CPaaS and communication products.
* Identify market opportunities and customer problems across messaging, voice, and communication channels.
* Define product priorities based on customer requirements, market trends, business objectives, and technical feasibility.
* Work closely with leadership to define product growth and expansion strategies.
* Manage the complete product lifecycle from **discovery to development, launch, and optimization**.

CPaaS Product Management

* Drive products and features across **SMS, WhatsApp, RCS, Voice, Email, and other communication channels**.
* Understand communication APIs, messaging workflows, delivery mechanisms, templates, routing, authentication, and third-party integrations.
* Work on **omnichannel communication and customer engagement** use cases.
* Understand and manage integrations with telecom operators, messaging providers, communication platforms, and other third-party APIs.
* Identify opportunities to improve message delivery, reliability, scalability, customer experience, and platform adoption.
* Work with technical teams on APIs, webhooks, SDKs, integrations, dashboards, reporting, and automation workflows.

Product Discovery & Market Research

* Conduct customer interviews and gather requirements from enterprise customers, sales teams, and internal stakeholders.
* Research competitors and market developments across the **CPaaS, messaging, cloud communication, and customer engagement** ecosystem.
* Analyze platforms and solutions offered by companies such as **Tanla Platforms, Route Mobile, Gupshup, Exotel, Tata Communications, Airtel IQ, Netcore, Twilio, Plivo, Sinch, Infobip, Bird, Vonage, and similar communication platforms**.
* Identify gaps in existing solutions and convert them into actionable product opportunities.
* Stay updated with developments in **WhatsApp Business, RCS, SMS, Voice APIs, cloud telephony, conversational AI, and communication technology**.

Product Development

* Create detailed **PRDs, user stories, product specifications, workflows, and acceptance criteria**.
* Work closely with engineering, UI/UX, QA, DevOps, and business teams.
* Translate customer and business requirements into clear technical and functional requirements.
* Prioritize features and manage scope, dependencies, timelines, and releases.
* Participate in product testing, UAT, release planning, and post-launch reviews.
* Ensure products are scalable, reliable, secure, and easy to use.

API & Technical Product Management

* Work closely with engineering teams on **REST APIs, webhooks, SDKs, third-party integrations, and event-driven workflows**.
* Understand API documentation, authentication, request/response structures, error handling, and integration dependencies.
* Work with technical teams to define API requirements and integration experiences.
* Ensure seamless integration between CPaaS products and customer systems such as **CRM, marketing automation, e-commerce, and customer-support platforms**.
* A strong understanding of technical architecture and API-based products is required.

Compliance & Telecom Ecosystem

* Stay updated with relevant communication and messaging regulations, policies, and industry requirements.
* Understand areas such as **DLT, TRAI regulations, sender IDs, templates, consent, messaging policies, and delivery compliance**.
* Track changes in WhatsApp Business policies, RCS ecosystem developments, telecom requirements, and other platform policies.
* Work with technical and business teams to ensure product changes are aligned with applicable requirements.

Analytics & Product Performance

* Define and monitor key product and business metrics.
* Track metrics such as:
* Message Delivery Rate
* Delivery Success Rate
* API Usage
* Message Volume
* Customer Activation
* Customer Retention
* Conversion Rate
* Revenue
* Usage & Adoption
* Cost per Message / Communication
* Use product analytics and customer data to identify opportunities for improvement.
* Work with engineering teams to ensure appropriate product tracking and analytics are implemented.

Pricing & Commercial Strategy

* Work with leadership on **pricing, plans, usage-based pricing, channel pricing, and packaging**.
* Understand the commercial model of CPaaS products, including communication costs, vendor costs, margins, and usage-based billing.
* Identify opportunities for upselling, cross-selling, and increasing product adoption.

Required Skills & Qualifications

* **3–6 years of Product Management experience.**
* **Mandatory: Prior experience working on a CPaaS / Communication Platform / Messaging Platform / Cloud Communication product.**
* Strong understanding of **SMS, WhatsApp, RCS, Voice, Email, and communication APIs**.
* Experience with **B2B SaaS or API-driven products**.
* Strong understanding of **REST APIs, webhooks, third-party integrations, and SDKs**.
* Experience working with engineering and technical teams on API-based products.
* Understanding of **telecom, messaging, cloud telephony, or communication technology**.
* Strong product documentation skills, including **PRDs, user stories, workflows, and acceptance criteria**.
* Good understanding of product analytics and data-driven decision-making.
* Strong customer discovery and requirement-gathering skills.
* Excellent written and verbal communication.
* Strong stakeholder management and cross-functional collaboration skills.

Preferred Experience

Candidates with experience in any of the following areas will be highly relevant:

* CPaaS
* SMS & Messaging Platforms
* WhatsApp Business API
* RCS
* Voice APIs
* Cloud Telephony
* Contact Center / CCaaS
* IVR
* SIP
* Omnichannel Communication
* Communication APIs
* Customer Engagement Platforms
* Conversational AI
* Marketing Automation
* CRM Integrations
* B2B SaaS

Experience with **Voice AI, LLMs, conversational AI, or AI-powered communication products** will be an added advantage.

Ideal Candidate Profile

The ideal candidate is someone who has **already worked on a CPaaS or communication technology product**, rather than someone coming purely from a generic SaaS or consumer-app background.

They should understand both sides of the role:

**Business:** customer requirements, pricing, usage, revenue, adoption, and market opportunities.

**Technology:** APIs, integrations, messaging infrastructure, communication channels, workflows, scalability, and technical dependencies.

The candidate should be capable of taking a communication-product requirement from **customer discovery → product strategy → PRD → engineering execution → launch → analytics → continuous improvement**.

Why Join Hawk Martech?

* Opportunity to work on products at the intersection of **Communication, Technology, Digital Marketing, and AI**.
* High ownership across product strategy and execution.
* Opportunity to work closely with engineering, marketing, business, and leadership teams.
* Exposure to enterprise communication and customer-engagement use cases.
* Fast-paced environment with significant opportunities for learning and growth.

**Work Location:** DLF Corporate Greens, Gurugram  
**Work Mode:** On-Site  
**Employment Type:** Full-Time

Pay: ₹60,000.00 - ₹90,000.00 per year

Benefits:

* Food provided

Work Location: In person"
https://www.linkedin.com/search/results/content/?keywords=%22Associate%20Product%20Manager%22%20Glomopay%20hiring&sortBy=%22date_posted%22,,,Glomopay,APM,"KA, IN",,DM,,,85,Fresh,q_apm_01,0-2y,False,"**About Glomo**
---------------

Glomo is the regulated infrastructure layer that financial platforms build on for cross-border money movement out of India. We hold the licences, the bank integrations, the compliance engine and the settlement rails, and run them behind our clients' own brands.

Brokers, wealth platforms, AMCs, exporters and other businesses use Glomo to onboard their customers, run KYC and compliance checks, move and settle funds across borders, and reconcile it all back into their own systems. Our products span LRS remittances, global investing, card issuance and treasury.

Glomo is regulated by IFSCA through its GIFT City entity. Compliance is part of the product, and every PM here treats it that way.

**The role**
------------

We are hiring an Associate Product Manager / Product Manager, reporting directly to the founders. Level depends on experience.

This is a business product role. At Glomo, PMs sell: you will be in the room with merchants from the first conversation, and you will be accountable for the deal as much as the spec. You are not a feature desk for the sales team. You understand the customer well enough to decide what we should build for them, and what we should not.

You will join sales calls and demos, bring what you learn back to the product team, help shape the roadmap with them, write specs for the features you own, ship them with engineering, and take merchants live.

**What you'll do**
------------------

* **Sell.** Run discovery and demos, map a merchant's needs onto Glomo's products, and work with sales to close.
* **Shape the roadmap.** Bring merchant feedback and market insight to the product team, and work with them to prioritise what we build.
* **Write and ship.** Turn merchant needs into clear PRDs and user flows for the features you own. Work with engineering and design through launch.
* **Take merchants live.** Drive integration and onboarding, and unblock issues across ops, compliance and the merchant's own team.
* **Track adoption.** Watch usage and conversion, find where users drop off, and fix it.
* **Work inside the rules.** Partner with compliance, legal and risk so products meet IFSCA and FEMA/LRS requirements from day one.

**What we're looking for**
--------------------------

* 2+ years of work experience, including a client-facing sales role: account executive, inside sales, pre-sales or enterprise BD, preferably selling software or tech.
* MBA from a premier Indian business school.
* You can run a discovery call and a demo, handle objections, and manage a client relationship.
* Structured thinking and clear writing. You can turn a messy customer problem into a simple spec.
* Comfortable with data: Excel, and ideally basic SQL, to read a funnel and size an opportunity.
* You use AI tools effectively in your day-to-day work, for research, analysis, writing specs and prototyping, and you know where they fall short.
* Curious about how technical products work, and able to hold a conversation with engineers about APIs and integrations.
* You move fast, take ownership, and follow through without being chased.

**Good to have**
----------------

* Experience in financial services: banking, payments, fintech, broking, wealth management or mutual funds.
* Exposure to cross-border payments, or working knowledge of LRS, FEMA or KYC/AML.
* A product internship or prior product stint.
* Early-stage startup experience.
* An engineering undergraduate degree.

**Why Glomo**
-------------

* Work directly with the founders on a small team.
* Own real merchant relationships and real product outcomes from your first month.
* Build regulated cross-border infrastructure that brokers, AMCs and payment platforms run on."
https://www.linkedin.com/search/results/content/?keywords=%22Associate%20Product%20Manager%22%20Bosch%20hiring&sortBy=%22date_posted%22,,,Bosch,Mid-Level,"KA, IN",,link,,,85,Fresh,q_apm_01,0-2y,False,"**Company Description**

In India, Bosch is a leading supplier of technology and services in the areas of Mobility Solutions, Industrial Technology, Consumer Goods, and Energy and Building Technology. Additionally, Bosch has in India the largest development center outside Germany, for end-to-end engineering and technology solutions. The Bosch Group operates in India through twelve companies: Bosch Limited – the flagship company of the Bosch Group in India – Bosch Chassis Systems India Private Limited, Bosch Rexroth (India) Private Limited, Bosch Global Software Technologies, Bosch Automotive Electronics India Private Limited, Bosch Electrical Drives India Private Limited, BSH Home Appliances Private Limited, ETAS Automotive India Private Limited, Robert Bosch Automotive Steering Private Limited, Automobility Services and Solutions Private Limited, Newtech Filter India Private Limited and Mivin Engg. Technologies Private Limited. In India, Bosch set-up its manufacturing operation in 1951, which has grown over the years to include 16 manufacturing sites, and seven development and application centers. The Bosch Group in India employs over 30,500 associates and generated consolidated sales of about Rs. 26,827 crores (3.1 billion euros) in fiscal year 2021-22 of which Rs. 24,406 crores (2.8 billion euros) are from consolidated sales to third parties. Bosch Limited is the flagship company of the Bosch Group. It earned revenue of over Rs. 11,782 crores (1.39 billion euros) in fiscal year 2021-22.  
Additional information can be accessed at www.bosch.in Mobility Aftermarket

Bosch offers a wide range of spare parts to the aftermarket and repair shops – from new and exchange parts to repair solutions – as well as repair shop equipment such as diagnostic software and hardware. With service training courses and partner programs for repair shops, Bosch offers automobile competence and knowledge to service technicians all over the world. Thus, repair shops can test and repair more efficiently, more safely, and more quickly.

 **Job Description**

The purpose of this role is to manage and develop product portfolio, and strategy for present and future business growth

Portfolio Management: Formulate product portfolio and execute product life cycle management at business unit to provide /offer a comprehensive range to the market.

Product Road Map: Develop new products and services for domestic and export market to grow market share & improve customer experience.

Profit & Loss: Monitor profitability through cost and price measures for business sustenance.

Sourcing Activities: Liaison with go to source cross functional team for source assessments, cost management and material procurement management to meet market requirements.

Project Management: Drive growth projects at Automotive Aftermarket division for growth opportunities.

Data and Content Management: Create and manage product data for the product portfolio to facilitate the development of catalogs, packaging, promotional and training content.

 **Qualifications**

Functional Skills:

* Proficient in data analysis, User Research Method Development and Market research.
* Proficient in Idea Development and product sense.
* Competent collaboration, communication and presentation skills.

Education:

* B.E/B.Tech (Preferably in Mechanical Engineering).

Experience

* 3- 5years of experience preferably in product marketing in automotive aftermarket parts.
* 2-3 years of experience in KAM & OEM Sales."
https://www.linkedin.com/search/results/content/?keywords=%22Associate%20Product%20Manager%22%20Procter%20%26%20Gamble%20hiring&sortBy=%22date_posted%22,,,Procter & Gamble,Mid-Level,"MH, IN",,DM,,,85,Fresh,q_apm_01,0-2y,False,"Location MUMBAI, India Category Information Technology Job Id R000159669 Job Type Full time Experienced Professionals

  

**Job Location**

MUMBAI GENERAL OFFICE

**Job Description**

P&G was founded over 180 years ago as a simple soap and candle company. Today, we're the world’s largest consumer goods company and home to iconic, trusted brands that make life a little bit easier in small but meaningful ways. We've spanned three centuries thanks to three simple ideas: leadership, innovation and citizenship. The insight, innovation and passion of hardworking teams have helped us grow into a global company that is governed responsibly and ethically, that is open and visible, and that supports good causes and protects the environment. This is a place where you can be proud to work and do something that matters.

**Dedication from Us:** You'll be at the core of breakthrough innovations, be given exciting assignments, lead initiatives, and take ownership and responsibility, in creative workspaces where new insights thrive. All the while, you'll receive outstanding training to help you become a leader in your field. It is not just about what you'll do, but how you'll feel: encouraged, valued, purposeful, challenged, heard, and inspired.

**What we Offer:** Continuous mentorship – you will collaborate with peers and receive both formal training as well as day-to-day mentoring from your manager dynamic and encouraging work environment– employees are at the centre, we value every individual and support initiative, promoting agility and work/life balance.

**Job Description**:

The Digital Product Manager/Owner will set priorities for an internal digital product in data domain to all within an organization. They will translate customer needs into valuable, feasible, and usable user stories, personas, user journeys, and user flows. They will deliver a hands-on MVP for new products/features to confirm value. They will be responsible to understand data/API integrations needed to deliver the product. They will drive the digital product strategy, define the roadmap, and guide the digital product team on ""what"" should be built.

**Key Responsibilities:**

* Translate customer needs into valuable, feasible, and usable user stories.
* Drive the digital product strategy and define the roadmap working with multi-functional team.
* Collaborate with regional/global stakeholders and developers to prioritize the product backlog.
* Create MVP (minimum viable product) to confirm product value.
* Design data pipelines leveraging Azure, Databricks and PBI.
* Make data-driven decisions based on complex, multivariable environments.
* Implement best practices for product operations and data management for the product including data governance, security, and compliance.
* Stay up to date with emerging trends and technologies in product management, data engineering and visualization and AI.
* Test/Experiment with AI agents to drive higher value of the product.  
    
  **About us**  
    
  We produce globally recognized brands, and we grow the best business leaders in the industry. With a portfolio of trusted brands as diverse as ours, it is paramount our leaders are able to lead with courage the vast array of brands, categories and functions. We serve consumers around the world with one of the strongest portfolios of trusted, quality, leadership brands, including Always®, Ariel®, Gillette®, Head & Shoulders®, Herbal Essences®, Oral-B®, Pampers®, Pantene®, Tampax® and more. Our community includes operations in approximately 70 countries
    
  worldwide.  
    
  Visit http://www.pg.com to know more.  
    
  We are an equal opportunity employer and value diversity at our company. We do not discriminate against individuals on the basis of race, color, gender, age, national origin, religion, sexual orientation, gender identity or expression, marital status, citizenship, disability, HIV/AIDS status, or any other legally protected factor.  
    
  ***At P&G, the hiring journey is personalized every step of the way, thereby ensuring equal opportunities for all, with a strong foundation of Ethics & Corporate Responsibility guiding everything we do.***  
    
  ***All the available job opportunities are posted either on our website - pgcareers.com, or on our official social media pages, for the convenience of prospective candidates, and do not require them to pay any kind of fees towards their application.”***

**Job Qualifications**

* Bachelor’s degree in computer science, Software Engineering, Data Science, Statistics, or a related field.
* 1-2 years experience as product manager/product owner.
* 1-2 years of experience in data engineering/software engineering with a proven track.
* Proficiency in SQL, and Python programming skills.
* Proficiency in Data bricks/Microsoft Fabric.
* Excellent analytical and problem-solving skills with a keen attention to detail.
* Strong communication and interpersonal skills. Actively participates in teamwork while demonstrating cultural awareness and a willingness to share insights.
* Defines and leads the work necessary to shape team dynamics, organizational culture, or IT practices.
* Certifications preferred: Microsoft Azure Fundamentals, Python Programming Certification, Microsoft Fabric Data Engineer Associate [DP-700] or Databricks Certified Data Engineer Associate / Professional
* Preferred Experience: Experience building AI products and agents on industry platforms like N8N, Lang Graph /Lang chain etc.

**Job Schedule**

Full time

**Job Number**

R000159669

**Job Segmentation**

Experienced Professionals"
